Commodity,Date,Front Month,Front Month + 01,Front Month + 02,Front Month + 03,Front Month + 04,Front Month + 05,Front Month + 06,Front Month + 07,Front Month + 08,Front Month + 09,Front Month + 10,Front Month + 11,Front Month + 12,Front Month + 13,Front Month + 14,Front Month + 15,Front Month + 16,Front Month + 17
SGX Iron Ore,5/1/17,70,61,55,59,53,64,70,59,67,70,69,70,53,59,69,51,56,68
SGX Iron Ore,5/2/17,53,60,55,54,62,64,70,51,50,64,63,64,57,50,58,68,63,65
SGX Iron Ore,5/3/17,61,58,52,63,68,52,62,69,59,55,61,57,56,63,56,55,66,66
SGX Iron Ore,5/4/17,68,56,61,69,55,53,60,54,59,70,65,62,67,68,67,52,51,56
SGX Iron Ore,5/5/17,67,58,55,58,64,65,50,53,64,60,50,55,52,70,61,68,65,63
SGX Iron Ore,5/6/17,70,61,53,64,64,57,59,56,58,66,69,55,61,62,62,59,62,53
SGX Iron Ore,5/9/17,50,67,61,63,51,66,51,64,56,59,50,66,70,65,59,54,50,68
SGX Iron Ore,5/10/17,69,70,54,61,60,67,58,51,62,51,60,62,58,50,61,63,66,66
SGX Iron Ore,5/11/17,65,52,67,58,54,63,55,64,62,70,50,56,52,70,69,63,57,59
SGX Iron Ore,5/12/17,54,60,54,52,50,52,50,65,67,58,65,69,57,68,65,50,67,62
SGX Iron Ore,5/15/17,53,67,61,51,67,50,53,62,63,59,65,67,64,53,50,66,65,65
SGX Iron Ore,5/16/17,60,67,55,61,66,53,54,54,62,58,66,55,51,64,65,52,60,59
SGX Iron Ore,5/17/17,56,66,55,58,58,56,54,65,61,70,53,67,52,62,64,53,51,57
SGX Iron Ore,5/18/17,57,63,65,65,70,52,56,69,69,67,54,70,69,63,67,60,51,50
SGX Iron Ore,5/19/17,70,63,59,63,70,67,68,66,53,53,53,50,61,68,59,57,56,55
SGX Iron Ore,5/22/17,65,55,52,66,61,59,58,51,63,52,68,69,64,65,69,57,68,63
SGX Iron Ore,5/23/17,63,62,57,68,50,56,53,58,68,54,58,57,70,63,59,60,57,53
SGX Iron Ore,5/24/17,70,57,51,52,61,59,50,57,55,62,50,50,51,64,57,54,61,54
SGX Iron Ore,5/25/17,55,63,56,68,65,58,58,59,67,59,54,51,63,50,69,70,63,69
SGX Iron Ore,5/26/17,64,57,64,62,62,55,70,70,54,63,55,56,53,51,55,59,64,63
SGX Iron Ore,5/29/17,60,50,51,66,64,58,50,56,55,70,61,68,68,60,65,55,69,53
SGX Iron Ore,5/30/17,56,53,57,51,70,56,64,56,55,69,64,50,64,57,63,70,64,57
SGX Iron Ore,5/31/17,58,56,64,55,50,52,70,53,67,57,54,59,58,52,60,61,50,66
SGX Iron Ore,6/1/17,65,53,63,68,68,63,52,53,69,70,60,66,68,60,59,51,58,50
SGX Iron Ore,6/2/17,67,70,59,68,51,63,66,59,50,50,60,55,57,54,59,56,62,62
SGX Iron Ore,6/5/17,50,53,63,60,66,56,60,53,52,61,61,56,70,61,66,60,50,60
SGX Iron Ore,6/6/17,69,61,52,63,68,57,70,61,55,53,62,54,69,50,52,55,65,59
SGX Iron Ore,6/7/17,68,69,50,63,57,65,66,61,59,56,52,58,64,62,61,59,52,65
SGX Iron Ore,6/8/17,52,64,58,54,60,57,61,50,65,52,63,66,64,53,64,60,64,50
SGX Iron Ore,6/9/17,60,57,58,65,65,63,62,69,58,59,65,54,66,68,68,50,67,51
SGX Iron Ore,6/12/17,60,54,59,64,68,69,51,56,67,64,64,56,54,70,55,54,51,58
SGX Iron Ore,6/13/17,69,63,50,54,52,66,61,57,51,68,67,55,59,62,58,65,54,67
SGX Iron Ore,6/14/17,55,54,50,65,68,61,65,65,68,65,63,65,56,62,55,54,60,60
SGX Iron Ore,6/15/17,70,51,61,62,59,64,64,63,68,68,63,50,63,52,52,57,51,66
SGX Iron Ore,6/16/17,51,58,57,64,61,58,54,56,51,54,54,65,60,62,61,69,64,52
SGX Iron Ore,6/19/17,62,59,56,59,70,57,70,59,56,54,64,51,64,64,69,66,69,55
SGX Iron Ore,6/20/17,62,50,51,52,67,53,58,56,62,53,62,69,69,60,67,66,61,60
SGX Iron Ore,6/21/17,62,53,56,51,67,70,64,65,56,69,59,64,69,70,51,56,60,52
SGX Iron Ore,6/22/17,52,52,53,68,56,61,68,62,59,60,70,54,69,59,60,51,59,56
SGX Iron Ore,6/23/17,70,60,60,61,53,61,52,58,55,58,64,65,69,64,64,64,61,56
SGX Iron Ore,6/26/17,54,68,51,65,55,65,62,69,66,62,64,59,64,61,70,60,65,69
SGX Iron Ore,6/27/17,57,61,56,58,61,59,67,55,64,53,52,69,67,69,64,56,56,69
SGX Iron Ore,6/28/17,70,55,58,69,57,56,52,61,53,59,54,66,61,64,50,50,54,59
SGX Iron Ore,6/29/17,57,56,50,63,65,54,56,57,65,70,54,70,68,66,55,52,53,52
SGX Iron Ore,6/30/17,55,51,66,53,50,69,65,63,64,55,56,53,66,51,62,65,54,51
SGX Iron Ore,7/3/17,64,70,54,62,61,66,66,67,66,53,56,58,62,66,55,63,57,67
SGX Iron Ore,7/4/17,69,60,63,69,58,51,68,52,64,67,51,69,59,53,58,51,50,70
SGX Iron Ore,7/5/17,65,64,62,57,68,59,53,50,53,70,67,54,70,65,50,58,60,68
SGX Iron Ore,7/6/17,58,63,64,66,58,60,64,70,54,54,54,53,57,65,52,70,68,52
SGX Iron Ore,7/7/17,58,51,50,55,66,61,70,66,50,65,54,60,62,70,61,65,64,65
SGX Iron Ore,7/10/17,56,67,64,59,56,69,50,56,57,62,57,52,50,65,68,54,60,53
SGX Iron Ore,7/11/17,63,67,50,58,57,53,53,69,60,61,54,70,50,69,54,62,54,60
SGX Iron Ore,7/12/17,69,62,59,70,65,59,57,68,52,60,56,70,55,66,56,59,62,59
SGX Iron Ore,7/13/17,58,70,69,61,60,66,57,59,70,52,53,67,52,66,63,70,52,53
SGX Iron Ore,7/14/17,70,62,70,58,58,68,58,66,63,62,61,63,70,68,68,67,56,68
SGX Iron Ore,7/17/17,56,56,55,69,53,60,61,59,55,55,55,69,59,56,55,65,56,66
SGX Iron Ore,7/18/17,65,61,58,67,52,64,70,57,66,66,67,54,66,63,64,69,70,61
SGX Iron Ore,7/19/17,51,68,50,56,65,66,57,63,67,63,59,70,58,55,64,56,60,68
SGX Iron Ore,7/20/17,59,50,55,66,55,63,56,70,68,68,66,70,70,67,60,54,50,54
SGX Iron Ore,7/21/17,61,66,54,67,69,65,56,54,53,50,60,63,67,58,58,52,50,68
SGX Iron Ore,7/24/17,56,59,68,51,56,66,66,67,68,69,54,69,56,57,63,52,55,59
SGX Iron Ore,7/25/17,53,70,58,70,59,52,50,60,54,55,52,57,53,56,56,69,68,63
SGX Iron Ore,7/26/17,68,61,52,52,69,60,54,56,68,59,67,67,51,50,67,51,51,60
SGX Iron Ore,7/27/17,65,63,55,62,61,65,59,68,67,52,56,57,58,57,62,61,60,65
SGX Iron Ore,7/28/17,62,59,64,55,64,61,54,65,51,59,55,63,56,62,56,56,58,60
SGX Iron Ore,7/31/17,64,57,62,60,56,53,60,60,56,66,68,53,53,62,54,52,56,51
SGX Iron Ore,8/1/17,54,68,54,70,68,67,63,66,67,55,61,55,61,65,66,57,56,56
SGX Iron Ore,8/2/17,61,53,53,62,67,61,68,70,56,54,51,69,65,64,55,53,59,65
SGX Iron Ore,8/3/17,52,61,51,70,63,67,66,66,55,60,55,55,67,66,60,63,69,63
SGX Iron Ore,8/4/17,68,67,50,54,60,50,64,65,60,52,69,64,52,58,54,58,63,61
SGX Iron Ore,8/7/17,50,58,55,59,64,53,65,55,56,64,53,70,70,57,53,64,57,63
SGX Iron Ore,8/8/17,66,53,54,58,70,61,70,60,51,57,62,56,59,54,53,55,51,50
SGX Iron Ore,8/9/17,64,67,58,55,54,53,70,64,50,55,57,63,50,57,63,55,67,70
SGX Iron Ore,8/10/17,58,61,68,61,50,56,53,51,61,64,63,56,63,70,55,62,51,70
SGX Iron Ore,8/11/17,59,53,62,52,54,50,61,62,64,67,56,65,70,68,69,51,62,65
SGX Iron Ore,8/14/17,67,67,52,54,61,56,69,50,57,63,63,60,67,67,57,51,63,64
SGX Iron Ore,8/15/17,54,54,70,50,59,66,56,67,62,66,58,67,64,65,66,70,65,61
SGX Iron Ore,8/16/17,59,61,51,51,68,52,56,66,61,66,54,68,55,65,68,51,57,53
SGX Iron Ore,8/17/17,67,60,53,67,62,70,54,57,70,62,70,65,66,66,66,59,50,57
SGX Iron Ore,8/18/17,59,61,70,57,70,54,63,58,61,58,65,65,58,64,63,65,69,54
SGX Iron Ore,8/21/17,58,57,56,65,68,54,56,67,69,54,65,52,53,69,63,69,66,52
SGX Iron Ore,8/22/17,55,57,65,50,53,58,53,70,65,68,59,68,70,70,62,70,57,62
SGX Iron Ore,8/23/17,65,59,53,70,52,57,64,53,52,61,54,69,63,50,64,59,70,65
SGX Iron Ore,8/24/17,60,63,50,52,58,61,60,64,67,60,55,67,55,50,61,61,65,67
SGX Iron Ore,8/25/17,66,64,65,55,53,61,57,66,59,69,64,66,65,61,62,69,56,55
SGX Iron Ore,8/28/17,50,53,53,51,54,57,51,64,53,62,55,55,65,57,63,65,62,63
SGX Iron Ore,8/29/17,58,54,66,61,54,52,59,68,57,64,70,58,50,59,61,69,57,63
SGX Iron Ore,8/30/17,70,60,68,58,51,63,69,53,51,51,67,57,57,55,70,53,62,62
SGX Iron Ore,8/31/17,70,54,64,69,58,58,68,66,59,66,53,64,60,70,52,63,54,57
SGX Iron Ore,9/1/17,69,65,52,59,59,68,59,65,50,62,60,60,64,64,58,70,57,60
SGX Iron Ore,9/4/17,65,56,66,58,54,58,55,61,53,58,63,62,54,63,61,54,54,70
SGX Iron Ore,9/5/17,58,50,62,70,57,53,62,68,61,54,54,68,62,66,59,69,63,68
SGX Iron Ore,9/6/17,58,64,60,50,69,51,58,61,57,62,56,65,63,61,60,50,64,62
SGX Iron Ore,9/7/17,68,63,62,51,54,63,52,64,70,60,54,70,64,53,60,67,53,68
SGX Iron Ore,9/8/17,64,69,53,58,70,70,54,61,64,68,63,65,53,66,67,52,64,55
SGX Iron Ore,9/11/17,61,64,58,54,51,51,70,58,54,59,60,53,60,51,59,63,69,65
SGX Iron Ore,9/12/17,58,58,63,67,60,52,51,69,62,57,68,54,65,65,59,66,55,69
SGX Iron Ore,9/13/17,61,51,65,56,54,57,53,69,70,54,60,69,58,51,51,59,66,61
SGX Iron Ore,9/14/17,69,56,66,53,59,63,68,60,52,51,52,62,69,52,64,68,68,58
SGX Iron Ore,9/15/17,58,69,63,55,66,50,60,70,61,51,67,58,58,60,64,54,59,61
SGX Iron Ore,9/18/17,54,53,51,56,57,63,64,67,64,62,62,60,66,69,68,52,63,60
SGX Iron Ore,9/19/17,50,63,68,63,51,65,51,63,67,68,60,57,55,70,51,70,52,65
SGX Iron Ore,9/20/17,70,53,55,58,59,62,50,68,65,55,69,56,64,68,70,50,57,51
SGX Iron Ore,9/21/17,64,67,58,62,67,55,61,54,52,65,50,56,66,54,67,62,69,53
SGX Iron Ore,9/22/17,54,59,62,55,66,70,50,67,56,57,70,54,58,51,58,57,66,70
SGX Iron Ore,9/25/17,55,70,51,58,58,56,53,55,68,68,65,66,70,54,63,51,56,59
SGX Iron Ore,9/26/17,55,66,66,68,60,51,53,52,70,51,53,65,63,62,61,68,67,58
SGX Iron Ore,9/27/17,54,54,64,66,53,68,61,51,64,66,66,64,52,60,54,56,67,67
SGX Iron Ore,9/28/17,70,53,53,61,54,57,69,65,53,60,60,69,70,66,51,63,59,53
SGX Iron Ore,9/29/17,67,55,64,59,68,57,60,59,59,52,55,54,63,56,53,52,50,64
SGX Iron Ore,10/2/17,67,66,64,55,52,66,64,59,57,64,58,52,69,51,52,64,59,54
SGX Iron Ore,10/3/17,50,60,52,54,53,53,52,70,52,57,67,52,51,67,50,60,64,56
SGX Iron Ore,10/4/17,67,52,68,54,51,63,50,50,51,69,51,54,67,58,63,53,54,66
SGX Iron Ore,10/5/17,67,54,69,53,56,67,50,68,54,52,51,65,69,67,67,51,62,55
SGX Iron Ore,10/6/17,52,51,51,53,58,51,60,70,61,53,62,61,51,60,67,69,53,62
SGX Iron Ore,10/9/17,66,57,50,68,69,58,66,66,69,53,53,67,64,67,70,57,64,56
SGX Iron Ore,10/10/17,52,56,70,54,63,60,59,65,68,60,62,54,50,54,62,68,54,57
SGX Iron Ore,10/11/17,66,67,56,69,53,52,59,55,59,67,53,66,57,64,58,69,51,58
SGX Iron Ore,10/12/17,69,67,52,53,66,55,63,67,64,68,65,52,68,50,68,68,52,61
SGX Iron Ore,10/13/17,57,64,70,64,67,61,58,59,68,64,65,63,62,55,62,66,64,62
SGX Iron Ore,10/16/17,54,53,70,65,70,61,55,65,64,67,53,53,61,64,66,67,69,60
SGX Iron Ore,10/17/17,69,59,61,64,63,57,70,68,64,64,58,63,62,55,66,63,64,63
SGX Iron Ore,10/18/17,69,62,65,65,67,54,68,60,60,64,54,70,58,58,67,51,57,69
SGX Iron Ore,10/19/17,69,58,64,54,52,64,70,62,58,58,50,68,68,65,57,59,66,54
SGX Iron Ore,10/20/17,63,64,53,57,64,69,56,68,69,66,51,54,60,52,51,70,57,62
SGX Iron Ore,10/23/17,54,50,68,67,58,51,69,52,59,52,64,66,69,60,56,55,50,62
SGX Iron Ore,10/24/17,52,69,51,59,54,70,58,51,61,66,69,56,63,66,52,51,54,61
SGX Iron Ore,10/25/17,69,69,61,61,56,62,66,53,52,66,60,67,56,53,63,65,52,61
SGX Iron Ore,10/26/17,51,66,67,50,67,67,52,69,56,54,67,53,58,65,65,69,56,51
SGX Iron Ore,10/27/17,57,66,52,53,58,51,68,51,64,66,63,63,54,58,61,64,63,67
SGX Iron Ore,10/30/17,50,51,70,61,65,50,66,50,67,53,64,60,61,50,67,64,50,52
SGX Iron Ore,10/31/17,55,56,55,53,68,59,53,64,67,65,65,56,53,67,64,51,51,50
SGX Iron Ore,11/1/17,57,57,51,52,61,66,65,69,52,68,62,56,66,51,70,58,57,52
SGX Iron Ore,11/2/17,54,53,53,69,56,69,60,57,54,66,58,65,55,70,62,66,56,51
SGX Iron Ore,11/3/17,60,66,54,66,51,66,65,51,62,69,70,51,61,61,66,56,55,54
SGX Iron Ore,11/6/17,53,64,50,63,59,56,51,53,56,69,70,60,68,50,62,56,60,53
SGX Iron Ore,11/7/17,67,66,58,51,68,63,64,59,60,68,55,66,53,66,59,64,63,57
SGX Iron Ore,11/8/17,63,52,66,63,50,64,62,56,54,70,62,61,55,50,69,67,58,66
SGX Iron Ore,11/9/17,60,57,55,61,67,67,53,51,59,50,68,64,65,57,50,61,68,54
SGX Iron Ore,11/10/17,55,67,55,68,65,58,63,66,55,60,57,57,56,67,50,50,60,53
SGX Iron Ore,11/13/17,62,61,54,52,54,51,60,67,50,60,66,64,63,53,51,61,63,59
SGX Iron Ore,11/14/17,57,50,54,70,53,51,58,66,59,58,66,66,55,58,67,60,67,55
SGX Iron Ore,11/15/17,68,50,51,53,61,65,56,57,60,52,66,68,65,62,58,67,68,64
SGX Iron Ore,11/16/17,67,65,67,50,67,55,60,50,63,59,69,57,60,60,69,67,54,53
SGX Iron Ore,11/17/17,59,57,60,64,58,60,67,63,50,53,52,68,57,66,65,60,52,52
SGX Iron Ore,11/20/17,65,66,51,66,58,69,51,61,69,51,61,64,54,59,53,54,57,65
SGX Iron Ore,11/21/17,59,51,65,64,59,64,56,65,66,58,56,54,60,69,59,62,63,52
SGX Iron Ore,11/22/17,66,50,65,70,58,64,61,64,56,54,63,64,53,54,68,64,51,60
SGX Iron Ore,11/23/17,60,63,58,59,62,62,58,58,51,56,52,58,68,65,60,66,56,67
SGX Iron Ore,11/24/17,61,67,63,60,51,52,54,67,70,50,66,56,67,54,68,61,66,62
SGX Iron Ore,11/27/17,65,52,56,51,69,67,54,54,59,70,53,56,56,70,68,50,61,57
SGX Iron Ore,11/28/17,69,70,57,69,54,69,67,66,70,53,69,50,57,55,53,54,56,65
SGX Iron Ore,11/29/17,68,58,63,51,59,50,64,57,50,65,59,70,65,65,50,61,60,53
SGX Iron Ore,12/1/17,60,57,59,51,56,61,62,58,53,53,70,62,63,65,56,63,53,54
SGX Iron Ore,12/4/17,56,60,67,70,54,55,50,69,68,55,60,57,66,56,62,59,68,69
SGX Iron Ore,12/5/17,63,54,57,64,63,53,62,57,68,66,51,68,59,53,59,51,62,61
SGX Iron Ore,12/6/17,70,56,59,57,51,54,56,54,69,54,52,66,62,53,61,59,60,68
SGX Iron Ore,12/7/17,55,59,57,50,63,61,70,50,59,54,54,57,53,58,66,61,53,61
SGX Iron Ore,12/8/17,63,60,61,63,54,62,70,50,62,56,66,55,54,58,70,67,54,62
SGX Iron Ore,12/11/17,51,62,59,66,69,50,66,57,63,52,70,57,67,64,54,61,52,59
SGX Iron Ore,12/12/17,65,59,63,69,64,60,54,55,60,63,52,53,64,52,53,62,68,60
SGX Iron Ore,12/13/17,69,51,56,60,56,53,58,64,50,66,51,70,60,55,67,53,51,57
SGX Iron Ore,12/14/17,65,60,55,55,67,57,61,60,69,55,59,68,68,68,66,56,57,59
SGX Iron Ore,12/15/17,58,60,55,68,70,59,66,54,65,68,54,57,57,53,51,64,59,52
SGX Iron Ore,12/18/17,54,52,70,53,59,65,67,56,58,59,61,66,56,54,57,61,64,54
SGX Iron Ore,12/19/17,58,67,52,70,58,63,70,63,57,58,59,53,57,69,59,53,52,61
SGX Iron Ore,12/20/17,60,56,55,61,70,57,69,59,63,52,55,56,67,51,63,52,65,59
SGX Iron Ore,12/21/17,61,70,56,67,63,66,64,58,61,51,65,57,69,58,54,60,54,55
SGX Iron Ore,12/22/17,55,53,60,51,64,58,68,56,54,66,55,64,64,63,67,58,68,60
SGX Iron Ore,12/25/17,65,57,51,54,57,64,53,70,68,50,52,58,50,64,55,52,60,61
SGX Iron Ore,12/26/17,64,66,65,50,62,66,64,55,51,59,69,55,66,59,63,64,60,68
SGX Iron Ore,12/27/17,50,56,68,55,69,52,54,69,58,57,69,59,66,62,68,59,56,69
SGX Iron Ore,12/28/17,57,65,52,50,61,62,69,63,65,56,55,57,50,64,63,57,51,65
SGX Iron Ore,12/29/17,70,57,60,69,63,56,64,63,59,50,51,52,51,68,54,58,58,54
SGX Iron Ore,1/2/18,62,56,57,55,59,70,70,54,56,58,56,53,64,53,53,57,56,55
SGX Iron Ore,1/3/18,63,66,66,54,61,53,52,56,60,70,57,69,57,63,53,70,58,51
SGX Iron Ore,1/4/18,70,52,54,56,57,63,69,60,54,55,66,54,50,66,65,54,62,58
SGX Iron Ore,1/5/18,60,55,54,58,54,58,56,54,50,56,53,56,61,61,55,52,56,64
SGX Iron Ore,1/8/18,53,63,57,52,70,63,54,51,65,55,60,66,58,53,65,64,50,58
SGX Iron Ore,1/9/18,51,66,70,62,61,65,66,54,50,70,64,68,51,56,57,56,52,56
SGX Iron Ore,1/10/18,68,56,68,53,60,65,59,70,65,64,69,54,50,59,67,62,52,61
SGX Iron Ore,1/11/18,61,69,56,54,57,53,58,65,52,50,54,51,51,53,66,70,61,58
SGX Iron Ore,1/12/18,64,62,66,55,70,66,63,51,50,61,62,54,61,58,55,68,67,51
SGX Iron Ore,1/15/18,53,59,70,65,59,61,52,54,67,70,54,61,68,70,57,63,67,66
SGX Iron Ore,1/16/18,61,54,67,50,55,50,62,57,67,50,62,64,65,62,62,61,53,53
SGX Iron Ore,1/17/18,55,59,52,59,61,66,62,67,65,52,51,63,53,55,67,66,56,67
SGX Iron Ore,1/18/18,58,52,66,58,67,52,60,65,69,59,70,52,56,69,58,57,56,62
SGX Iron Ore,1/19/18,55,68,50,57,57,67,55,64,58,62,66,50,59,64,70,61,67,64
SGX Iron Ore,1/22/18,68,60,61,67,69,66,57,62,65,51,65,64,54,55,59,63,50,69
SGX Iron Ore,1/23/18,54,58,70,62,63,70,63,65,51,51,57,67,50,56,65,68,67,53
SGX Iron Ore,1/24/18,57,65,60,56,68,52,69,50,69,66,64,68,61,59,56,62,62,60
SGX Iron Ore,1/25/18,55,61,69,70,57,51,69,58,53,67,59,65,70,54,61,60,66,51
SGX Iron Ore,1/26/18,65,64,56,60,66,60,70,56,52,57,65,61,70,66,70,54,57,67
SGX Iron Ore,1/29/18,63,57,56,66,57,66,53,51,67,50,52,50,66,51,69,54,60,59
SGX Iron Ore,1/30/18,64,57,57,68,64,51,66,65,65,70,58,70,68,66,50,70,65,61
SGX Iron Ore,1/31/18,56,51,63,54,61,67,50,68,63,69,50,70,55,69,62,63,54,63
SGX Iron Ore,2/1/18,62,66,68,70,64,58,56,51,62,67,66,53,63,65,52,68,57,63
SGX Iron Ore,2/2/18,60,57,55,64,62,57,51,53,59,57,56,52,59,52,53,53,59,60
SGX Iron Ore,2/5/18,69,58,60,60,62,57,54,64,62,51,59,69,58,68,60,55,64,60
SGX Iron Ore,2/6/18,68,57,62,59,54,70,56,58,64,69,58,64,56,50,70,64,55,54
SGX Iron Ore,2/7/18,53,63,51,65,57,65,56,61,64,55,62,67,57,65,69,65,52,60
SGX Iron Ore,2/8/18,55,52,52,50,65,53,51,59,68,63,56,60,61,55,57,63,50,56
SGX Iron Ore,2/9/18,68,67,53,68,70,70,54,65,68,64,63,65,59,51,57,51,51,63
SGX Iron Ore,2/12/18,59,60,51,62,69,67,62,61,58,66,67,62,56,53,52,64,64,51
SGX Iron Ore,2/13/18,68,52,51,69,52,51,52,62,52,51,64,54,66,63,63,50,52,63
SGX Iron Ore,2/14/18,57,58,58,68,57,62,53,63,53,55,63,53,61,52,65,51,59,57
SGX Iron Ore,2/15/18,56,62,55,58,63,53,52,67,50,54,50,66,50,61,68,61,50,66
SGX Iron Ore,2/16/18,62,64,58,55,51,62,61,62,52,58,52,57,67,58,63,67,59,65
SGX Iron Ore,2/19/18,67,56,61,57,53,63,60,54,55,68,57,55,69,55,60,59,53,64
SGX Iron Ore,2/20/18,57,53,57,52,62,64,56,53,51,57,54,52,57,58,70,51,69,55
SGX Iron Ore,2/21/18,59,67,65,60,61,66,57,54,61,66,70,52,65,58,54,69,56,68
SGX Iron Ore,2/22/18,67,65,64,62,50,68,54,62,61,69,51,58,63,56,65,55,56,57
SGX Iron Ore,2/23/18,70,69,67,58,67,52,57,60,55,59,65,53,68,53,63,54,69,55
SGX Iron Ore,2/26/18,69,51,68,70,63,59,66,64,69,68,54,59,60,50,62,50,65,64
SGX Iron Ore,2/27/18,64,63,69,62,65,59,56,50,68,59,68,53,52,69,56,52,51,67
SGX Iron Ore,2/28/18,66,57,69,65,52,50,62,62,67,53,57,52,56,64,61,55,67,68
SGX Iron Ore,3/1/18,50,61,61,52,55,55,52,70,59,63,69,50,50,50,63,51,57,58
SGX Iron Ore,3/2/18,56,56,51,52,60,65,60,58,57,59,69,65,65,69,59,65,57,52
SGX Iron Ore,3/5/18,54,60,63,70,65,60,51,57,63,65,61,69,53,64,62,51,70,67
SGX Iron Ore,3/6/18,54,53,55,50,50,60,52,60,68,68,70,50,56,64,62,65,65,66
SGX Iron Ore,3/7/18,67,54,65,52,58,59,65,68,67,67,58,59,63,55,70,55,57,58
SGX Iron Ore,3/8/18,52,57,68,57,63,55,63,67,55,55,70,53,61,55,66,64,63,58
SGX Iron Ore,3/9/18,60,57,64,58,62,70,59,59,55,60,60,62,65,63,54,58,52,58
SGX Iron Ore,3/12/18,62,67,58,50,52,64,54,63,62,58,61,70,61,59,66,68,66,53
SGX Iron Ore,3/13/18,55,52,54,54,65,64,54,56,51,54,50,61,62,69,62,62,61,52
SGX Iron Ore,3/14/18,62,54,66,65,68,59,58,64,69,52,60,62,62,58,51,60,65,55
SGX Iron Ore,3/15/18,67,68,61,62,65,58,53,63,52,63,52,58,55,70,61,52,51,70
SGX Iron Ore,3/16/18,58,62,68,60,66,67,53,69,58,50,68,50,56,59,69,62,62,63
SGX Iron Ore,3/19/18,66,70,55,52,62,66,69,50,67,70,50,52,55,65,57,53,60,56
SGX Iron Ore,3/20/18,55,62,57,60,51,61,59,61,54,52,52,68,61,54,59,50,69,58
SGX Iron Ore,3/21/18,52,63,59,58,59,51,69,70,52,65,60,63,50,67,59,64,67,56
SGX Iron Ore,3/22/18,55,64,52,64,68,64,50,70,65,66,70,54,60,63,62,61,51,61
SGX Iron Ore,3/23/18,65,65,53,54,62,60,64,53,59,67,51,59,56,62,65,58,55,64
SGX Iron Ore,3/26/18,55,61,59,66,68,61,64,58,68,67,69,68,63,64,56,58,50,53
SGX Iron Ore,3/27/18,54,61,65,50,57,56,59,64,64,58,60,70,62,54,59,51,57,69
SGX Iron Ore,3/28/18,61,54,70,70,69,61,53,52,64,54,61,60,52,69,52,50,65,54
SGX Iron Ore,3/29/18,63,56,55,56,68,66,64,62,61,53,64,50,51,57,51,56,65,59
SGX Iron Ore,4/2/18,65,57,62,70,63,70,68,57,66,55,68,66,70,60,56,54,52,59
SGX Iron Ore,4/3/18,63,50,63,66,65,61,53,53,68,56,65,67,67,54,67,50,50,55
SGX Iron Ore,4/4/18,67,55,65,61,51,55,58,69,61,51,51,51,61,51,53,51,67,55
SGX Iron Ore,4/5/18,59,58,53,65,65,63,57,64,51,59,59,63,69,69,52,51,54,54
SGX Iron Ore,4/6/18,59,68,69,54,63,64,66,51,68,65,62,67,61,65,65,60,53,70
SGX Iron Ore,4/9/18,53,58,65,58,68,70,56,52,56,54,70,61,58,57,68,58,65,60
SGX Iron Ore,4/10/18,69,65,51,69,66,66,50,53,68,68,56,61,66,52,67,62,65,64
SGX Iron Ore,4/11/18,52,52,64,63,53,52,53,61,61,63,61,63,51,52,55,56,64,61
SGX Iron Ore,4/12/18,55,62,64,69,57,56,58,65,59,59,69,68,64,59,67,56,65,66
SGX Iron Ore,4/13/18,52,59,51,58,70,53,52,65,58,64,67,54,63,65,61,59,70,57
SGX Iron Ore,4/16/18,69,52,64,56,57,50,63,56,57,68,54,54,54,68,54,54,62,70
SGX Iron Ore,4/17/18,60,51,65,54,64,64,56,57,54,63,70,53,55,68,53,70,66,59
SGX Iron Ore,4/18/18,57,62,69,70,65,62,53,54,64,66,54,62,53,50,59,70,68,56
SGX Iron Ore,4/19/18,56,53,55,56,70,59,68,64,63,65,60,55,50,58,65,50,57,60
SGX Iron Ore,4/20/18,60,69,50,61,63,53,51,59,67,69,56,51,68,52,61,52,64,61
SGX Iron Ore,4/23/18,56,66,55,51,65,69,68,54,68,59,63,50,57,69,64,60,56,55
SGX Iron Ore,4/24/18,53,68,59,65,63,51,56,60,62,69,57,61,68,61,68,61,68,51
SGX Iron Ore,4/25/18,64,58,70,64,62,57,52,67,64,56,57,54,59,50,59,70,52,69
SGX Iron Ore,4/26/18,59,56,55,57,61,69,50,59,64,67,61,59,64,58,69,59,63,59
SGX Iron Ore,4/27/18,52,65,68,56,64,59,52,54,59,69,55,65,63,51,56,68,50,55
SGX Iron Ore,4/30/18,69,59,62,70,57,65,64,66,70,69,62,52,58,68,66,68,66,66
SGX Iron Ore,5/1/18,57,59,69,69,51,64,52,55,55,56,59,62,57,70,53,60,59,60
SGX Iron Ore,5/2/18,59,67,60,66,53,69,51,56,56,60,61,67,70,65,65,58,59,68
SGX Iron Ore,5/3/18,67,70,64,52,62,68,64,70,70,50,58,65,70,63,50,53,69,61
SGX Iron Ore,5/4/18,65,52,68,55,56,65,65,64,52,65,56,67,69,62,61,65,69,58
SGX Iron Ore,5/7/18,55,64,69,68,58,68,68,54,50,58,55,58,68,70,61,54,58,60
SGX Iron Ore,5/8/18,68,64,57,56,70,59,61,70,61,59,66,56,56,66,63,63,57,67
SGX Iron Ore,5/9/18,65,51,66,52,57,51,51,57,58,70,55,53,61,51,51,58,59,60
SGX Iron Ore,5/10/18,54,52,58,69,64,70,58,63,52,70,70,69,68,60,53,61,55,60
SGX Iron Ore,5/11/18,67,56,70,65,54,69,54,55,52,53,60,60,63,52,51,50,51,52
SGX Iron Ore,5/14/18,69,69,55,68,63,51,64,62,60,58,55,56,51,66,67,68,67,66
SGX Iron Ore,5/15/18,69,68,66,59,66,63,67,65,58,60,56,51,50,70,63,50,58,70
SGX Iron Ore,5/16/18,66,66,66,58,70,55,66,54,61,61,54,61,69,68,66,52,53,53
SGX Iron Ore,5/17/18,70,60,66,61,56,62,66,66,57,56,62,58,64,63,59,53,57,62
SGX Iron Ore,5/18/18,61,60,61,64,57,66,67,63,70,59,53,63,63,57,60,57,58,55
SGX Iron Ore,5/21/18,66,66,70,51,58,63,54,63,63,58,54,68,69,67,58,62,64,57
SGX Iron Ore,5/22/18,60,63,58,58,68,56,51,62,59,64,69,69,68,61,68,69,66,70
SGX Iron Ore,5/23/18,50,53,68,62,60,64,69,61,68,59,62,50,51,69,52,58,63,57
SGX Iron Ore,5/24/18,61,51,65,70,51,55,57,53,55,61,55,50,52,68,64,68,51,53
SGX Iron Ore,5/25/18,64,51,64,57,59,70,58,66,65,53,62,60,51,62,56,70,60,56
SGX Iron Ore,5/28/18,70,63,52,65,59,69,62,63,54,57,62,60,56,56,65,56,64,67
SGX Iron Ore,5/29/18,70,65,56,60,60,54,62,53,58,67,66,61,55,68,50,59,64,52
SGX Iron Ore,5/30/18,50,69,60,63,68,53,57,53,54,55,68,61,65,55,55,61,56,53
SGX Iron Ore,5/31/18,70,55,70,53,69,55,70,56,50,64,69,70,66,56,52,52,69,68
SGX Iron Ore,6/1/18,60,59,53,63,57,61,57,64,50,50,68,55,58,54,65,53,56,69
SGX Iron Ore,6/4/18,63,57,60,56,66,61,66,66,68,65,55,65,67,54,62,52,55,54
SGX Iron Ore,6/5/18,64,50,55,50,50,62,64,51,55,70,55,69,65,68,54,69,62,59
SGX Iron Ore,6/6/18,67,60,63,60,56,62,58,62,64,51,54,53,57,57,62,55,63,51
SGX Iron Ore,6/7/18,70,50,66,51,56,59,68,51,53,67,68,54,51,56,62,58,65,65
SGX Iron Ore,6/8/18,62,62,61,54,62,52,51,64,51,62,60,69,58,59,70,67,54,57
SGX Iron Ore,6/11/18,52,67,54,56,53,50,51,64,53,69,65,61,57,64,52,69,64,57
SGX Iron Ore,6/12/18,55,59,70,50,53,50,52,51,63,62,66,61,61,64,63,54,67,54
SGX Iron Ore,6/13/18,54,67,62,63,57,66,67,55,68,69,68,62,58,63,66,68,67,52
SGX Iron Ore,6/14/18,69,64,53,57,51,60,56,55,59,67,69,69,69,62,56,64,60,61
SGX Iron Ore,6/15/18,58,57,60,65,69,63,58,59,64,69,52,53,53,50,52,61,58,64
SGX Iron Ore,6/18/18,64,70,53,64,66,69,66,50,50,55,55,70,53,68,62,58,58,50
SGX Iron Ore,6/19/18,62,53,65,52,56,58,57,55,62,53,57,58,62,69,50,65,65,51
SGX Iron Ore,6/20/18,70,55,67,65,64,68,62,69,53,62,63,67,70,61,56,69,61,64
SGX Iron Ore,6/21/18,67,61,62,66,51,66,68,56,65,55,65,55,60,65,57,62,65,70
SGX Iron Ore,6/22/18,53,68,50,66,56,58,66,51,57,66,67,57,59,59,61,66,65,50
SGX Iron Ore,6/25/18,68,57,70,63,59,50,59,70,70,60,52,66,70,64,67,51,62,66
SGX Iron Ore,6/26/18,51,70,63,60,56,62,50,69,61,62,65,68,59,64,65,53,51,50
SGX Iron Ore,6/27/18,70,67,62,63,54,69,69,65,58,67,64,69,57,69,69,62,58,52
SGX Iron Ore,6/28/18,50,66,52,52,60,61,70,53,51,70,60,63,67,59,55,65,70,70
SGX Iron Ore,6/29/18,58,70,62,55,67,54,69,61,67,58,60,63,70,70,54,60,63,56
SGX Iron Ore,7/2/18,59,51,70,69,50,56,67,56,55,51,55,57,70,56,51,70,60,60
SGX Iron Ore,7/3/18,64,58,63,63,66,53,61,50,58,64,65,63,70,63,52,54,62,67
SGX Iron Ore,7/4/18,55,51,52,52,50,60,67,61,55,59,59,66,67,50,70,51,52,54
SGX Iron Ore,7/5/18,62,59,66,50,63,54,50,58,50,54,60,64,67,62,62,66,50,61
SGX Iron Ore,7/6/18,69,70,61,66,63,69,56,56,50,53,65,54,52,56,66,68,59,64
SGX Iron Ore,7/9/18,59,59,57,60,61,68,57,52,67,67,50,50,62,51,63,66,54,69
SGX Iron Ore,7/10/18,66,70,53,62,64,53,65,69,59,65,55,54,61,58,65,58,53,58
SGX Iron Ore,7/11/18,52,65,52,51,50,54,62,69,68,66,56,50,58,67,56,51,55,53
SGX Iron Ore,7/12/18,58,67,65,60,64,52,67,55,60,68,63,60,70,51,65,67,64,52
SGX Iron Ore,7/13/18,68,62,63,66,51,56,57,59,67,57,70,51,55,55,61,59,54,50
SGX Iron Ore,7/16/18,69,54,53,57,55,63,67,62,58,69,53,54,64,63,60,65,54,59
SGX Iron Ore,7/17/18,55,60,53,61,69,63,51,64,65,70,57,55,70,58,51,53,63,66
SGX Iron Ore,7/18/18,52,52,64,59,68,54,69,64,54,50,56,65,65,59,57,56,59,58
SGX Iron Ore,7/19/18,57,54,67,51,62,50,66,68,68,57,53,51,51,52,52,69,58,61
SGX Iron Ore,7/20/18,50,54,56,63,54,66,58,54,50,53,52,52,69,61,60,63,54,70
HRC,5/1/17,640,551,622,577,649,630,561,604,587,646,641,646,599,585,600,557,573,614
HRC,5/2/17,578,597,650,607,639,606,575,646,597,585,645,594,622,590,551,625,611,614
HRC,5/3/17,636,633,614,633,554,560,584,637,577,603,616,591,564,616,566,635,614,649
HRC,5/4/17,642,650,577,587,550,612,552,606,621,590,564,565,589,617,550,601,621,575
HRC,5/5/17,567,572,606,558,637,649,640,624,596,592,567,642,644,643,583,630,613,634
HRC,5/8/17,587,584,574,553,628,612,564,616,598,628,552,575,580,605,596,581,612,573
HRC,5/9/17,622,570,553,619,634,608,610,584,566,583,615,585,635,575,579,586,623,647
HRC,5/10/17,593,630,556,609,564,586,585,566,573,595,568,569,598,624,595,595,592,636
HRC,5/11/17,599,628,634,650,563,640,633,644,617,643,578,555,604,593,646,553,567,632
HRC,5/12/17,593,589,563,619,610,552,628,622,613,594,612,639,566,612,606,579,563,640
HRC,5/15/17,592,620,581,555,559,573,631,605,560,629,581,647,607,591,638,613,617,586
HRC,5/16/17,553,590,587,572,621,555,574,630,573,579,565,627,636,590,626,571,647,590
HRC,5/17/17,560,552,591,560,576,627,563,643,576,581,613,613,624,608,635,623,567,615
HRC,5/18/17,582,605,644,579,595,597,621,593,560,609,578,569,601,620,601,578,581,631
HRC,5/19/17,605,578,612,610,641,631,638,583,572,621,610,634,643,602,598,584,613,597
HRC,5/22/17,594,615,584,598,604,629,587,627,623,627,596,567,622,583,619,632,615,594
HRC,5/23/17,586,595,612,604,586,636,619,577,628,569,590,596,616,597,643,599,592,558
HRC,5/24/17,563,565,569,621,556,640,631,604,646,586,596,624,628,604,638,595,615,559
HRC,5/25/17,615,592,578,551,585,622,581,560,612,554,632,576,567,622,569,558,554,557
HRC,5/26/17,576,600,583,587,582,585,594,645,604,575,641,598,636,609,562,558,636,584
HRC,5/30/17,620,643,645,600,636,612,622,595,580,575,634,599,596,596,606,630,627,600
HRC,5/31/17,636,572,650,587,627,566,576,595,614,593,621,646,552,556,591,566,584,617
HRC,6/1/17,586,628,573,573,590,580,556,600,585,580,553,588,564,572,634,602,587,622
HRC,6/2/17,558,623,640,595,566,592,619,602,637,624,627,623,551,618,558,599,592,635
HRC,6/5/17,619,568,645,607,589,560,637,593,597,601,628,587,642,572,642,592,591,646
HRC,6/6/17,564,584,587,601,580,640,637,577,629,647,643,599,615,592,599,583,639,603
HRC,6/7/17,569,589,553,568,577,578,638,644,570,576,648,618,587,555,632,643,609,590
HRC,6/8/17,597,568,562,643,588,609,614,571,578,650,598,637,584,624,597,645,566,606
HRC,6/9/17,609,645,630,617,635,643,613,577,612,571,594,578,627,616,555,551,553,560
HRC,6/12/17,630,634,573,554,580,554,616,640,615,562,619,613,611,563,551,579,593,647
HRC,6/13/17,586,602,639,556,556,613,606,569,588,642,628,638,562,556,639,596,573,570
HRC,6/14/17,631,642,570,553,624,573,584,602,556,606,573,587,571,583,596,559,553,596
HRC,6/15/17,620,562,569,639,618,592,630,648,581,596,565,564,609,572,571,626,596,591
HRC,6/16/17,560,568,593,582,625,626,597,591,592,559,622,552,620,567,576,610,628,587
HRC,6/19/17,568,608,605,641,633,650,554,605,584,631,630,649,607,552,570,577,623,601
HRC,6/20/17,559,612,599,629,595,589,606,578,635,641,626,613,588,556,559,628,599,627
HRC,6/21/17,565,636,597,633,597,604,570,603,626,569,562,603,607,638,598,616,607,583
HRC,6/22/17,604,620,624,550,614,614,636,620,594,550,645,616,571,605,553,574,620,602
HRC,6/23/17,567,603,606,605,599,610,599,649,590,576,579,586,574,571,572,645,611,640
HRC,6/26/17,641,599,620,565,590,626,591,606,585,573,643,642,564,622,574,597,582,585
HRC,6/27/17,643,635,603,636,607,625,567,597,640,588,618,595,626,573,554,604,610,604
HRC,6/28/17,556,607,568,599,631,640,635,601,571,615,604,592,631,631,638,578,555,650
HRC,6/29/17,604,576,605,614,623,583,648,630,640,586,650,640,611,621,606,623,628,600
HRC,6/30/17,554,586,625,627,568,608,638,643,591,584,614,613,590,551,579,561,647,635
HRC,7/3/17,599,587,650,571,625,587,601,564,558,591,625,607,610,553,604,643,616,591
HRC,7/5/17,621,650,572,557,644,576,645,617,597,649,622,600,607,620,644,574,551,632
HRC,7/6/17,594,644,568,639,560,633,650,552,567,582,579,600,569,611,615,555,571,613
HRC,7/7/17,556,600,571,636,623,603,565,639,602,628,600,596,636,579,582,615,592,557
HRC,7/10/17,632,611,632,582,650,635,637,598,623,596,555,604,604,611,616,603,633,567
HRC,7/11/17,591,625,618,605,627,578,599,631,575,605,591,561,616,644,625,562,577,558
HRC,7/12/17,623,594,567,610,571,576,639,606,586,641,639,617,557,588,646,635,564,582
HRC,7/13/17,558,582,575,560,627,600,604,619,584,616,577,570,630,636,573,554,647,642
HRC,7/14/17,587,573,649,577,604,564,595,555,634,618,572,606,595,593,569,609,635,578
HRC,7/17/17,553,579,610,635,577,628,596,552,639,619,585,577,550,606,629,574,592,574
HRC,7/18/17,554,573,616,601,571,633,615,634,579,626,624,642,564,600,556,612,618,574
HRC,7/19/17,631,574,564,644,645,601,550,555,580,627,632,633,610,635,578,572,607,621
HRC,7/20/17,604,607,620,601,581,566,639,599,551,575,624,611,637,553,571,566,581,586
HRC,7/21/17,636,630,601,629,582,589,600,574,643,634,577,593,610,601,628,563,591,591
HRC,7/24/17,635,622,591,631,606,571,566,641,600,591,603,580,559,613,570,628,556,565
HRC,7/25/17,614,595,566,606,630,561,575,622,625,560,646,565,609,644,643,644,550,610
HRC,7/26/17,601,646,561,606,629,617,569,582,555,603,646,580,639,556,644,550,560,557
HRC,7/27/17,626,609,564,587,554,589,632,617,597,623,575,622,650,612,586,606,599,566
HRC,7/28/17,567,643,608,624,589,586,626,615,618,577,633,553,617,553,577,620,587,568
HRC,7/31/17,607,623,552,612,571,556,562,647,573,570,571,561,592,644,628,550,606,574
HRC,8/1/17,643,563,568,574,587,601,575,553,615,599,614,585,643,581,583,577,560,558
HRC,8/2/17,594,556,637,577,610,594,640,635,554,598,580,596,605,587,607,606,627,632
HRC,8/3/17,610,580,619,611,606,606,602,592,576,642,602,604,558,600,553,633,622,572
HRC,8/4/17,599,577,569,591,645,640,550,600,557,550,551,557,631,579,568,612,575,639
HRC,8/7/17,629,592,615,566,584,565,566,552,588,632,634,621,584,586,609,557,648,579
HRC,8/8/17,628,571,592,650,648,589,560,555,550,648,601,594,597,569,593,619,633,630
HRC,8/9/17,561,550,589,606,610,614,598,593,566,565,637,557,603,612,564,604,640,610
HRC,8/10/17,638,608,586,563,593,565,573,609,597,579,555,578,630,551,591,647,602,570
HRC,8/11/17,575,602,649,554,592,612,637,629,601,589,641,603,589,639,567,641,557,626
HRC,8/14/17,596,603,617,569,640,558,636,640,613,552,564,601,562,606,633,588,620,584
HRC,8/15/17,597,640,591,640,587,567,609,565,585,622,631,634,580,603,624,636,591,582
HRC,8/16/17,616,601,574,587,632,574,550,619,596,554,563,560,556,642,624,571,587,572
HRC,8/17/17,636,617,622,612,617,584,614,550,601,608,610,581,627,607,646,632,631,636
HRC,8/18/17,614,560,577,636,594,598,584,569,616,558,639,632,571,649,577,599,607,561
HRC,8/21/17,573,608,581,573,574,607,584,640,627,627,616,616,622,550,583,568,611,644
HRC,8/22/17,579,621,610,638,567,601,579,604,567,591,635,582,617,555,599,633,605,554
HRC,8/23/17,629,613,557,629,624,596,610,586,581,632,567,560,584,563,590,620,563,568
HRC,8/24/17,633,629,554,567,646,592,615,563,632,641,631,628,607,551,620,588,623,613
HRC,8/25/17,559,569,642,566,571,633,587,587,552,574,560,553,633,574,618,625,584,635
HRC,8/28/17,644,646,610,583,586,630,564,612,578,568,577,633,553,597,566,551,558,612
HRC,8/29/17,640,625,646,645,602,557,619,579,611,590,650,597,566,578,644,577,551,602
HRC,8/30/17,573,628,641,583,551,567,622,603,612,563,562,560,553,566,574,566,565,579
HRC,8/31/17,560,591,603,597,561,623,588,633,628,635,632,613,645,578,608,581,622,608
HRC,9/1/17,564,573,580,620,557,568,602,647,575,645,553,611,583,582,579,591,580,596
HRC,9/5/17,637,588,638,640,578,631,569,642,601,627,599,555,627,625,649,566,648,635
HRC,9/6/17,646,604,613,607,559,581,565,632,599,614,594,576,617,576,626,569,576,607
HRC,9/7/17,603,624,565,633,626,588,599,595,633,642,629,570,632,597,571,586,630,635
HRC,9/8/17,586,631,628,614,565,612,560,646,585,587,566,623,600,551,619,566,604,571
HRC,9/9/17,633,637,580,590,646,572,635,591,597,645,599,552,627,635,561,559,597,578
HRC,9/12/17,630,580,650,581,568,623,594,648,582,572,597,590,595,618,627,646,597,620
HRC,9/13/17,584,588,591,570,615,589,622,605,637,576,646,631,581,637,554,576,650,598
HRC,9/14/17,600,567,562,628,561,605,604,641,605,571,607,559,610,582,588,598,648,648
HRC,9/15/17,592,607,615,578,583,606,624,562,590,624,623,641,578,610,578,553,585,644
HRC,9/18/17,644,636,569,625,642,569,624,595,599,639,559,589,632,563,578,646,607,573
HRC,9/19/17,610,649,646,608,641,618,558,630,556,579,619,550,551,562,601,591,594,618
HRC,9/20/17,644,648,603,606,553,615,638,565,622,566,571,564,573,607,571,601,622,629
HRC,9/21/17,554,609,636,560,649,564,638,606,604,636,554,592,572,590,557,579,550,611
HRC,9/22/17,614,612,554,605,597,575,626,566,568,644,628,645,550,642,557,618,640,572
HRC,9/25/17,577,563,564,622,608,634,586,580,608,639,625,640,579,614,615,640,621,561
HRC,9/26/17,607,604,596,564,624,589,595,624,644,577,649,632,628,620,575,629,550,569
HRC,9/27/17,640,592,639,636,595,594,642,601,605,625,561,643,559,592,557,572,632,567
HRC,9/28/17,625,550,564,585,643,583,567,602,552,592,607,582,647,633,610,597,640,644
HRC,9/29/17,626,611,622,606,616,644,598,618,602,573,600,618,614,563,595,601,628,577
HRC,10/2/17,603,631,630,606,601,615,646,578,619,563,633,624,561,551,600,556,580,612
HRC,10/3/17,563,575,560,590,595,625,577,602,591,559,636,560,561,630,606,577,584,559
HRC,10/4/17,626,599,622,550,627,593,580,584,608,599,605,583,565,589,641,570,559,559
HRC,10/5/17,585,600,608,593,598,588,559,596,596,561,590,596,622,585,578,625,613,577
HRC,10/6/17,617,639,610,624,614,596,613,635,554,650,627,562,612,637,593,607,632,566
HRC,10/9/17,638,587,561,590,590,559,573,569,607,597,572,587,588,620,632,590,618,592
HRC,10/10/17,552,574,595,555,634,563,619,617,615,597,587,551,555,551,577,589,622,649
HRC,10/11/17,562,627,571,632,643,582,561,623,631,613,577,646,566,624,566,641,597,554
HRC,10/12/17,646,614,577,589,610,556,592,599,578,561,617,636,614,555,567,646,604,603
HRC,10/13/17,631,551,644,571,598,640,632,565,635,643,641,634,617,637,645,614,646,579
HRC,10/16/17,647,613,560,636,650,618,609,621,579,573,550,606,597,603,574,551,626,629
HRC,10/17/17,629,572,632,609,623,616,625,622,598,582,567,572,558,635,570,642,617,643
HRC,10/18/17,592,570,623,558,650,561,648,597,643,636,649,624,581,603,613,621,611,583
HRC,10/19/17,556,550,616,551,577,623,604,620,645,634,615,589,621,641,635,569,636,594
HRC,10/20/17,562,641,621,645,639,596,605,596,553,578,643,557,575,562,648,589,603,571
HRC,10/23/17,629,633,553,562,560,618,598,612,553,577,589,551,610,617,575,645,565,555
HRC,10/24/17,560,550,586,613,595,628,574,650,571,570,649,645,650,595,636,625,597,564
HRC,10/25/17,645,610,583,621,554,616,572,577,590,598,637,598,618,587,643,625,623,644
HRC,10/26/17,575,645,588,614,620,561,621,633,633,636,581,638,648,602,617,591,637,634
HRC,10/27/17,619,632,630,631,631,615,608,563,627,551,607,646,636,615,555,638,636,561
HRC,10/30/17,601,624,606,615,643,551,626,615,647,627,589,638,559,627,595,614,569,570
HRC,10/31/17,616,584,562,587,594,601,648,574,631,647,632,571,577,563,569,561,629,561
HRC,11/1/17,582,576,582,606,594,602,630,594,608,588,607,576,611,640,610,613,607,556
HRC,11/2/17,597,575,563,570,604,580,581,559,635,582,638,587,572,587,562,626,598,554
HRC,11/3/17,595,642,647,627,586,636,644,645,633,579,622,632,587,576,649,573,581,641
HRC,11/6/17,583,595,650,570,560,632,575,560,568,623,557,570,551,612,629,592,555,550
HRC,11/7/17,562,582,581,623,568,601,609,586,647,643,569,560,605,576,617,553,562,550
HRC,11/8/17,650,606,590,603,551,566,559,617,590,613,575,550,553,612,589,639,595,646
HRC,11/9/17,624,556,551,560,622,594,610,606,550,605,642,609,606,600,561,568,593,644
HRC,11/10/17,608,551,639,580,599,604,604,643,577,594,569,642,560,596,593,598,609,567
HRC,11/13/17,613,608,625,631,649,623,626,574,594,597,624,644,634,554,561,639,559,575
HRC,11/14/17,596,608,635,560,574,650,575,554,614,634,621,628,595,555,625,570,556,633
HRC,11/15/17,628,565,600,623,609,618,615,633,650,607,585,574,641,598,588,609,640,588
HRC,11/16/17,645,571,575,577,640,587,596,624,645,554,598,572,575,570,623,603,644,594
HRC,11/17/17,643,576,644,565,575,603,637,640,588,575,574,630,565,584,606,608,584,599
HRC,11/20/17,554,554,554,555,634,562,597,555,584,640,615,630,631,553,584,649,576,575
HRC,11/21/17,605,630,608,586,595,552,634,587,574,563,601,557,593,623,644,560,559,570
HRC,11/22/17,624,650,618,554,593,582,583,630,569,645,610,609,592,560,550,585,629,562
HRC,11/24/17,590,553,614,605,552,581,573,647,610,582,593,572,645,580,578,627,556,592
HRC,11/27/17,566,623,554,650,564,630,608,560,602,648,595,569,583,648,612,585,586,583
HRC,11/28/17,610,588,597,608,562,555,609,621,602,575,636,590,563,555,560,614,642,621
HRC,11/29/17,634,627,555,648,608,617,556,623,550,636,589,638,631,558,562,607,576,642
HRC,11/30/17,622,631,586,626,565,626,628,586,567,621,641,582,550,645,564,636,598,565
HRC,12/1/17,644,583,646,559,587,557,561,620,564,561,623,637,557,557,569,612,580,596
HRC,12/4/17,550,561,636,650,641,607,612,638,626,645,616,629,610,577,613,608,552,606
HRC,12/5/17,577,628,613,634,553,556,604,605,637,565,560,582,577,581,576,647,607,565
HRC,12/6/17,592,644,621,589,558,648,570,635,622,574,571,643,631,557,642,569,648,630
HRC,12/7/17,565,551,592,641,628,642,635,621,589,600,605,636,593,650,622,630,584,643
HRC,12/8/17,562,636,647,602,552,650,553,634,634,632,613,571,591,602,624,633,627,645
HRC,12/11/17,566,593,572,648,574,599,553,605,600,630,603,560,564,637,568,563,562,589
HRC,12/12/17,635,594,610,566,590,575,561,604,589,604,556,596,607,643,587,619,638,550
HRC,12/13/17,618,580,611,647,642,580,641,579,621,629,587,605,589,552,613,576,622,600
HRC,12/14/17,577,625,596,590,611,576,611,601,571,634,580,560,643,579,639,604,616,556
HRC,12/15/17,622,646,588,638,574,621,617,568,612,645,563,566,604,621,603,556,594,603
HRC,12/18/17,586,640,641,567,590,607,581,568,636,581,638,608,593,580,552,559,647,566
HRC,12/19/17,582,581,615,574,638,627,640,582,631,599,557,624,606,628,647,642,578,564
HRC,12/20/17,587,599,610,602,636,622,565,622,611,552,604,600,566,583,595,614,639,640
HRC,12/21/17,642,603,631,567,629,612,598,550,591,592,638,553,601,627,615,647,627,606
HRC,12/22/17,602,594,590,558,617,594,630,570,588,554,607,550,574,598,611,650,556,557
HRC,12/26/17,568,578,559,587,608,594,642,609,567,608,645,636,603,594,602,600,637,644
HRC,12/27/17,554,624,572,614,615,650,578,640,563,632,566,587,574,577,632,647,596,614
HRC,12/28/17,601,568,557,579,582,556,634,586,554,610,619,571,630,554,564,636,565,608
HRC,12/29/17,616,591,589,644,599,645,599,575,624,557,640,573,611,643,604,577,607,577
HRC,1/2/18,627,615,638,608,563,634,614,602,589,643,631,643,636,610,626,595,561,553
HRC,1/3/18,596,632,625,624,644,559,574,625,646,610,578,594,576,620,557,617,600,592
HRC,1/4/18,608,571,597,582,628,610,596,555,567,556,603,553,616,556,613,590,594,629
HRC,1/5/18,555,588,627,618,584,560,642,558,558,642,632,617,612,609,578,615,614,615
HRC,1/8/18,591,560,627,553,643,616,578,618,575,603,614,619,618,622,555,575,568,608
HRC,1/9/18,647,562,571,598,573,565,593,615,563,599,616,579,581,581,555,623,612,562
HRC,1/10/18,623,611,565,552,618,639,591,579,636,621,579,566,640,577,622,576,566,615
HRC,1/11/18,559,598,600,574,625,585,621,577,623,572,630,579,582,581,613,629,637,630
HRC,1/12/18,557,557,568,552,574,604,638,625,641,637,639,581,551,558,563,610,622,560
HRC,1/16/18,618,555,646,650,624,551,621,618,617,570,619,600,632,586,567,593,637,596
HRC,1/17/18,639,616,564,609,552,599,580,638,628,612,551,558,639,610,628,593,558,566
HRC,1/18/18,629,617,589,612,552,629,620,600,630,576,598,596,605,628,588,563,633,612
HRC,1/19/18,613,613,580,603,624,641,568,628,556,613,601,574,562,559,646,593,617,638
HRC,1/22/18,624,602,605,584,635,573,594,553,634,555,628,603,578,560,554,626,635,634
HRC,1/23/18,587,614,588,586,580,630,556,635,579,592,557,585,560,564,621,613,556,556
HRC,1/24/18,645,588,633,613,556,617,619,576,584,554,646,588,564,550,581,582,601,579
HRC,1/25/18,604,561,601,588,566,558,650,615,555,628,633,609,618,557,626,605,600,619
HRC,1/26/18,581,633,628,634,550,644,555,591,643,621,583,649,590,645,602,626,589,595
HRC,1/29/18,564,554,570,569,582,641,644,610,635,600,606,575,642,579,617,622,600,638
HRC,1/30/18,564,605,568,632,611,606,599,554,625,615,594,592,572,566,615,598,572,568
HRC,1/31/18,566,559,594,577,590,602,603,593,586,600,640,608,613,621,586,614,588,576
HRC,2/1/18,613,557,594,617,578,590,592,617,633,621,605,588,634,639,638,558,587,584
HRC,2/2/18,579,647,553,554,631,634,628,575,617,566,610,581,639,624,629,566,578,640
HRC,2/5/18,646,560,649,611,607,608,599,644,623,558,606,629,638,622,572,598,626,554
HRC,2/6/18,572,627,617,590,601,621,612,629,562,579,585,625,557,606,556,626,648,649
HRC,2/7/18,639,624,638,626,645,639,582,602,641,648,560,554,568,595,590,640,640,554
HRC,2/8/18,587,641,572,650,577,577,636,580,616,633,576,634,600,583,636,650,616,572
HRC,2/9/18,621,648,555,633,569,595,585,640,591,627,576,604,640,634,647,587,599,625
HRC,2/12/18,618,641,588,617,628,604,634,612,608,617,584,580,582,560,568,612,650,563
HRC,2/13/18,644,563,645,577,574,638,570,599,554,643,600,645,610,563,610,641,554,553
HRC,2/14/18,566,624,550,583,626,614,581,581,634,580,579,593,587,594,588,589,550,613
HRC,2/15/18,625,631,566,593,630,591,570,638,556,579,602,635,635,620,648,556,592,574
HRC,2/16/18,610,601,573,573,589,603,605,579,640,642,596,571,637,644,605,587,600,578
HRC,2/20/18,604,575,612,581,641,555,622,634,552,559,611,597,647,619,596,586,568,587
HRC,2/21/18,633,563,577,551,555,575,577,648,618,559,612,602,646,646,596,555,567,644
HRC,2/22/18,583,587,597,623,594,627,552,551,641,624,551,582,557,640,626,589,648,614
HRC,2/23/18,624,558,636,594,608,576,606,650,626,594,610,586,637,604,557,569,579,614
HRC,2/26/18,622,623,565,627,647,604,649,584,613,581,648,579,607,646,573,576,620,602
HRC,2/27/18,594,616,550,609,598,635,640,616,609,636,641,554,581,565,642,616,562,584
HRC,2/28/18,603,615,650,637,584,576,582,558,551,635,586,599,597,551,607,622,649,572
HRC,3/1/18,591,589,627,638,624,602,645,630,633,570,584,580,643,556,612,588,558,584
HRC,3/2/18,568,571,614,591,565,644,624,616,616,569,608,638,603,559,608,622,586,641
HRC,3/5/18,569,568,550,608,621,648,561,586,617,609,582,623,600,550,574,615,573,598
HRC,3/6/18,637,630,588,636,555,627,606,608,636,591,608,612,611,633,552,642,630,630
HRC,3/7/18,554,557,565,641,586,553,567,611,597,628,617,590,574,646,569,621,601,643
HRC,3/8/18,564,625,593,583,583,620,569,635,578,598,643,550,608,570,593,592,591,649
HRC,3/9/18,568,604,589,589,649,623,641,600,554,648,615,621,587,634,614,578,558,554
HRC,3/12/18,600,627,578,647,639,606,581,644,572,580,602,566,646,646,560,631,619,570
HRC,3/13/18,560,625,564,602,649,577,557,560,583,572,632,604,636,556,623,615,586,605
HRC,3/14/18,568,626,551,564,606,579,596,566,614,564,586,648,612,570,640,634,630,568
HRC,3/15/18,569,567,568,574,635,572,590,567,635,594,619,559,624,631,639,579,567,554
HRC,3/16/18,566,588,555,577,578,567,577,605,609,550,627,610,580,600,630,565,588,553
HRC,3/19/18,571,551,632,575,587,561,557,554,611,646,565,604,609,615,649,602,630,646
HRC,3/20/18,610,590,644,618,587,645,598,574,583,553,604,591,629,638,565,562,562,560
HRC,3/21/18,574,608,577,631,621,643,633,579,641,600,627,647,571,569,630,581,562,598
HRC,3/22/18,596,595,642,567,581,550,613,632,576,571,635,573,625,566,550,608,557,634
HRC,3/23/18,562,630,573,628,641,554,629,571,597,603,580,559,607,616,600,646,582,570
HRC,3/26/18,600,598,637,616,615,622,598,621,599,640,598,578,633,588,616,620,643,614
HRC,3/27/18,608,576,590,643,598,594,587,567,625,579,563,588,628,603,560,638,592,645
HRC,3/28/18,567,583,595,563,631,622,597,620,612,593,558,642,584,597,592,626,633,601
HRC,3/29/18,593,587,559,611,579,616,628,587,640,605,648,634,600,559,576,568,617,552
HRC,4/2/18,578,629,552,583,609,642,602,609,576,618,591,560,597,570,585,601,630,556
HRC,4/3/18,620,610,626,592,581,603,565,618,637,638,620,617,556,563,624,640,574,558
HRC,4/4/18,641,649,595,554,603,576,563,579,631,607,636,630,558,552,627,605,618,574
HRC,4/5/18,550,586,641,642,578,609,562,587,581,622,639,611,598,570,603,592,617,635
HRC,4/6/18,588,597,627,598,560,574,640,642,576,648,637,633,592,639,609,597,647,613
HRC,4/9/18,638,553,646,586,598,557,560,638,586,649,640,608,582,609,565,624,584,609
HRC,4/10/18,618,637,596,637,616,612,632,570,634,628,561,625,615,626,624,570,628,595
HRC,4/11/18,631,638,587,586,619,609,566,648,581,616,558,631,609,619,559,589,587,645
HRC,4/12/18,559,593,562,630,588,598,608,637,649,594,644,601,628,608,643,587,557,582
HRC,4/13/18,555,594,605,600,590,577,606,601,570,579,608,557,645,592,587,631,623,561
HRC,4/16/18,583,579,611,647,589,635,574,581,594,623,573,631,612,633,615,572,602,650
HRC,4/17/18,633,584,590,554,640,627,581,628,611,641,635,599,582,585,569,642,649,637
HRC,4/18/18,574,650,611,585,576,639,606,596,562,637,634,564,569,606,633,638,630,638
HRC,4/19/18,639,645,562,616,585,586,597,591,567,644,556,630,617,637,626,555,616,637
HRC,4/20/18,643,594,553,562,594,635,629,578,604,588,554,607,627,607,565,586,556,647
HRC,4/23/18,647,550,571,553,553,551,570,619,607,589,550,593,574,617,553,557,552,603
HRC,4/24/18,588,639,645,645,557,594,642,632,592,627,643,573,631,615,608,567,607,585
HRC,4/25/18,562,551,573,600,559,620,641,622,593,648,616,584,648,633,593,600,576,611
HRC,4/26/18,576,593,608,560,570,569,621,562,601,631,598,608,578,567,569,583,633,618
HRC,4/27/18,641,551,612,589,646,571,615,632,617,648,649,625,634,611,642,623,635,565
HRC,4/30/18,586,554,581,553,593,569,571,576,572,557,611,624,572,628,629,599,583,650
HRC,5/1/18,573,581,597,563,625,592,636,561,590,602,607,617,588,613,594,588,551,639
HRC,5/2/18,591,554,554,639,616,611,639,564,642,608,573,572,577,582,562,648,562,572
HRC,5/3/18,551,609,611,629,629,646,586,620,596,584,612,636,609,568,638,630,601,641
HRC,5/4/18,617,628,626,625,645,559,579,584,602,627,599,610,559,623,602,649,608,605
HRC,5/7/18,551,626,551,589,641,650,573,592,605,560,591,563,574,557,587,559,562,624
HRC,5/8/18,551,558,583,562,622,629,645,570,600,629,628,616,583,579,577,629,634,551
HRC,5/9/18,602,645,649,560,558,593,560,560,593,600,594,567,649,558,615,555,577,590
HRC,5/10/18,639,597,644,640,632,638,583,642,606,604,596,632,566,626,558,614,642,617
HRC,5/11/18,646,622,584,650,567,595,637,585,589,642,620,573,632,558,618,625,555,594
HRC,5/14/18,579,582,614,607,599,571,612,551,580,647,606,567,646,601,556,579,554,557
HRC,5/15/18,561,650,591,581,566,554,584,578,562,618,608,565,641,572,608,581,562,639
HRC,5/16/18,576,566,579,627,627,581,640,584,579,593,636,622,567,563,567,577,591,613
HRC,5/17/18,599,575,572,640,554,561,649,586,575,589,577,557,617,573,608,586,563,650
HRC,5/18/18,637,608,604,627,572,551,646,647,565,569,572,576,562,607,556,621,602,638
HRC,5/19/18,580,629,570,625,587,631,579,580,594,594,593,621,550,592,567,635,585,606
HRC,5/20/18,605,613,637,584,584,578,560,556,595,584,636,602,557,561,599,605,632,583
HRC,5/21/18,619,637,628,626,560,588,641,596,565,588,583,569,649,597,599,563,590,581
HRC,5/22/18,648,552,574,574,650,596,614,618,560,611,645,598,574,554,649,573,592,562
HRC,5/23/18,610,573,561,650,622,639,621,635,617,624,619,597,601,606,633,597,593,647
HRC,5/24/18,638,570,648,620,581,610,615,617,627,558,603,627,635,561,594,635,638,616
HRC,5/25/18,557,608,591,565,613,635,575,550,572,569,636,576,551,556,639,630,573,567
HRC,5/29/18,597,619,550,642,551,600,565,568,640,587,552,573,623,638,647,592,620,647
HRC,5/30/18,595,623,624,620,645,632,565,620,555,579,600,556,617,650,566,637,567,582
HRC,5/31/18,629,579,559,622,631,550,626,610,647,590,647,595,576,570,569,604,577,578
HRC,6/1/18,590,640,610,574,594,641,607,601,630,603,619,622,643,601,615,622,560,573
HRC,6/4/18,565,585,550,605,587,610,650,634,625,582,614,624,614,629,596,578,564,584
HRC,6/5/18,617,569,572,571,631,582,624,624,650,650,561,611,615,573,579,631,616,585
HRC,6/6/18,583,575,634,555,625,630,569,633,628,611,629,584,605,591,625,637,625,587
HRC,6/7/18,631,650,560,552,617,558,556,577,625,644,598,558,648,612,553,629,612,635
HRC,6/8/18,622,555,572,603,623,583,587,578,579,649,633,592,585,625,623,587,604,579
HRC,6/11/18,579,631,620,629,555,569,606,611,585,609,594,571,643,615,644,647,599,553
HRC,6/12/18,644,632,590,607,605,556,557,630,626,649,637,555,601,592,617,554,577,597
HRC,6/13/18,631,616,629,553,626,578,638,576,609,555,584,650,616,610,641,568,629,562
HRC,6/14/18,647,566,554,644,615,583,639,597,572,643,607,598,610,642,592,607,636,603
HRC,6/15/18,619,623,618,649,551,644,640,600,603,552,636,591,592,592,632,584,603,632
HRC,6/18/18,647,637,607,568,584,601,599,629,631,597,592,586,572,591,617,599,573,554
HRC,6/19/18,605,617,552,571,602,601,648,576,571,571,599,591,615,632,576,643,640,594
HRC,6/20/18,636,638,579,564,566,618,624,639,598,587,562,618,612,553,583,623,597,608
HRC,6/21/18,611,650,551,623,640,616,568,589,626,558,608,579,627,573,585,599,572,554
HRC,6/22/18,634,601,626,620,645,629,594,561,567,574,585,637,639,611,554,586,560,640
HRC,6/25/18,578,650,579,562,583,607,557,597,636,590,596,565,603,626,578,624,620,604
HRC,6/26/18,624,647,613,625,627,641,598,584,581,583,580,628,563,626,649,641,614,553
HRC,6/27/18,620,565,604,608,599,649,558,555,609,566,611,644,632,583,561,583,570,611
HRC,6/28/18,610,558,644,638,624,605,598,595,638,623,644,610,637,564,632,647,633,586
HRC,6/29/18,646,578,630,555,571,607,629,561,554,577,590,553,649,586,628,630,553,588
HRC,7/1/18,576,631,589,623,566,605,597,564,576,621,619,606,573,550,596,600,587,608
HRC,7/2/18,563,568,558,623,636,560,621,646,584,564,605,556,564,623,566,594,566,626
HRC,7/3/18,649,550,606,589,633,586,590,601,551,631,622,582,618,573,585,594,564,594
HRC,7/5/18,565,606,584,567,645,573,597,641,607,600,640,603,562,572,622,571,611,627
HRC,7/6/18,622,647,636,586,614,597,562,588,568,650,568,601,577,611,559,616,614,634
HRC,7/9/18,576,641,574,555,574,623,560,597,578,576,605,646,645,620,613,625,633,586
HRC,7/10/18,558,644,604,603,562,648,563,576,595,550,636,630,596,607,620,556,633,635
HRC,7/11/18,647,618,566,566,562,555,551,560,613,578,630,607,555,640,590,601,561,643
HRC,7/12/18,616,637,592,556,623,586,593,556,580,570,625,583,563,631,650,561,584,554
HRC,7/13/18,597,550,624,562,633,638,624,632,583,556,649,613,625,620,571,567,574,591
HRC,7/16/18,570,565,644,604,581,570,561,589,633,572,589,613,554,594,581,643,647,638
HRC,7/17/18,636,593,576,649,643,624,583,578,595,566,584,643,596,583,587,622,629,553
HRC,7/18/18,585,645,625,581,641,611,636,622,630,586,607,560,582,648,585,642,598,567
Turkish HMS,5/2/17,280,277,291,299,299,294,289,288,295,282,279,282,284,284,295,,,
Turkish HMS,5/3/17,294,286,297,281,287,282,282,285,289,285,284,297,281,300,279,,,
Turkish HMS,5/4/17,286,288,296,297,289,282,287,284,275,276,296,292,297,277,293,,,
Turkish HMS,5/5/17,275,294,292,285,292,295,293,280,290,297,286,282,297,283,291,,,
Turkish HMS,5/8/17,281,282,284,282,284,288,280,284,300,299,297,281,291,279,286,,,
Turkish HMS,5/9/17,290,283,295,276,286,284,284,292,295,297,287,279,291,279,277,,,
Turkish HMS,5/10/17,277,291,289,275,285,278,298,279,286,284,288,288,277,298,291,,,
Turkish HMS,5/11/17,289,299,292,285,296,285,278,288,284,294,293,278,293,281,286,,,
Turkish HMS,5/12/17,285,280,293,300,288,299,286,277,300,296,283,279,299,286,294,,,
Turkish HMS,5/15/17,300,295,300,291,290,279,281,275,291,281,285,297,281,282,291,,,
Turkish HMS,5/16/17,285,275,280,287,280,280,300,287,286,277,284,286,290,275,297,,,
Turkish HMS,5/17/17,299,282,295,275,275,279,298,287,298,276,277,282,291,281,299,,,
Turkish HMS,5/18/17,293,291,295,285,298,285,282,292,297,296,283,292,293,283,298,,,
Turkish HMS,5/19/17,297,283,276,278,283,294,289,298,278,276,289,285,282,279,282,,,
Turkish HMS,5/22/17,280,292,283,294,292,293,282,285,295,298,280,280,277,297,290,,,
Turkish HMS,5/23/17,299,276,286,276,285,288,288,292,277,296,299,291,281,297,300,,,
Turkish HMS,5/24/17,278,289,277,281,297,294,299,293,296,286,277,278,295,278,298,,,
Turkish HMS,5/25/17,297,280,292,295,296,279,292,296,293,280,282,290,289,291,292,,,
Turkish HMS,5/26/17,299,277,293,297,283,277,299,286,282,297,295,283,289,297,287,,,
Turkish HMS,5/30/17,292,290,281,278,282,285,279,288,292,298,288,292,289,282,293,,,
Turkish HMS,5/31/17,290,289,283,288,293,297,290,288,278,291,286,287,276,277,280,,,
Turkish HMS,6/1/17,291,291,296,298,294,289,276,285,299,277,285,296,277,275,278,,,
Turkish HMS,6/2/17,283,292,280,293,287,276,276,300,284,279,283,283,293,276,287,,,
Turkish HMS,6/5/17,298,290,286,282,277,276,285,292,295,280,294,283,288,277,283,,,
Turkish HMS,6/6/17,295,279,275,291,288,289,282,278,284,298,278,280,286,298,290,,,
Turkish HMS,6/7/17,283,276,275,292,291,288,280,284,283,277,298,293,289,300,290,,,
Turkish HMS,6/8/17,284,286,295,294,278,278,295,287,281,291,285,283,278,299,295,,,
Turkish HMS,6/9/17,294,300,298,287,277,295,275,286,291,287,290,286,297,283,293,,,
Turkish HMS,6/12/17,278,280,275,283,297,291,277,279,285,289,297,289,277,276,279,,,
Turkish HMS,6/13/17,295,275,294,288,288,280,275,280,278,275,282,290,284,286,293,,,
Turkish HMS,6/14/17,293,284,291,296,277,292,293,290,282,294,277,296,283,284,280,,,
Turkish HMS,6/15/17,287,290,278,293,276,286,284,276,298,283,284,290,286,277,299,,,
Turkish HMS,6/16/17,295,292,291,280,293,291,296,276,278,275,298,298,300,297,278,,,
Turkish HMS,6/19/17,291,295,290,289,289,292,290,278,292,276,293,281,280,294,294,,,
Turkish HMS,6/20/17,297,279,298,285,281,282,285,297,297,279,280,294,281,284,275,,,
Turkish HMS,6/21/17,287,279,277,288,280,275,300,280,291,292,297,281,276,275,291,,,
Turkish HMS,6/22/17,294,292,291,296,296,297,297,296,291,296,289,299,278,295,298,,,
Turkish HMS,6/23/17,297,292,294,280,286,276,282,276,299,288,292,299,290,299,279,,,
Turkish HMS,6/26/17,300,298,300,292,278,281,277,295,282,282,290,294,282,300,292,,,
Turkish HMS,6/27/17,276,285,285,288,298,288,276,286,300,284,280,283,280,287,286,,,
Turkish HMS,6/28/17,292,290,289,295,284,283,295,285,296,297,293,283,289,294,299,,,
Turkish HMS,6/29/17,285,288,280,276,295,292,295,285,290,284,275,297,299,293,282,,,
Turkish HMS,6/30/17,278,295,287,287,279,297,286,284,277,286,277,295,297,289,284,,,
Turkish HMS,7/3/17,297,281,288,287,294,295,282,289,290,278,296,281,291,276,298,,,
Turkish HMS,7/4/17,296,291,295,276,286,295,286,297,299,283,285,286,284,283,299,,,
Turkish HMS,7/5/17,280,299,287,289,279,277,294,283,285,292,300,297,284,287,298,,,
Turkish HMS,7/6/17,282,278,278,297,290,284,298,277,293,276,280,280,291,298,281,,,
Turkish HMS,7/7/17,291,291,300,284,296,288,290,286,288,276,285,282,293,299,275,,,
Turkish HMS,7/10/17,298,294,285,285,276,290,281,285,300,280,295,275,278,277,297,,,
Turkish HMS,7/11/17,295,297,285,280,290,290,277,293,292,278,281,284,293,282,281,,,
Turkish HMS,7/12/17,277,294,283,295,278,277,299,282,280,278,276,299,294,297,276,,,
Turkish HMS,7/13/17,276,280,279,275,284,280,278,284,290,300,294,297,292,279,292,,,
Turkish HMS,7/14/17,275,295,288,293,299,282,288,281,285,278,300,290,290,288,278,,,
Turkish HMS,7/17/17,288,294,295,277,286,285,292,275,281,290,292,289,281,298,288,,,
Turkish HMS,7/18/17,294,287,300,282,282,288,277,300,285,288,291,281,276,295,291,,,
Turkish HMS,7/19/17,280,300,284,286,300,279,277,283,284,284,287,287,293,295,288,,,
Turkish HMS,7/20/17,293,298,290,289,285,296,280,277,299,277,276,299,286,292,297,,,
Turkish HMS,7/21/17,275,297,299,295,288,279,277,291,292,283,292,279,275,294,295,,,
Turkish HMS,7/24/17,280,280,291,294,293,285,290,282,276,293,286,293,283,288,296,,,
Turkish HMS,7/25/17,294,283,300,286,283,279,281,283,300,294,279,279,295,292,291,,,
Turkish HMS,7/26/17,277,300,297,275,284,282,277,290,277,280,298,293,284,280,298,,,
Turkish HMS,7/27/17,293,299,288,295,289,299,290,280,299,278,296,279,279,296,281,,,
Turkish HMS,7/28/17,293,298,290,283,294,275,278,276,296,294,299,295,286,279,281,,,
Turkish HMS,7/31/17,299,291,278,292,290,292,286,290,285,286,294,276,293,287,288,,,
Turkish HMS,8/1/17,277,280,280,285,293,298,296,288,279,288,297,294,285,300,287,,,
Turkish HMS,8/2/17,282,288,277,290,294,296,294,289,293,287,289,289,283,287,295,,,
Turkish HMS,8/3/17,276,295,288,296,295,293,286,277,295,296,300,300,292,275,284,,,
Turkish HMS,8/4/17,284,277,289,294,283,279,278,287,293,282,291,278,275,298,286,,,
Turkish HMS,8/7/17,299,276,299,289,286,295,286,296,282,294,288,292,289,283,281,,,
Turkish HMS,8/8/17,293,298,293,288,291,288,277,288,292,283,299,295,284,281,280,,,
Turkish HMS,8/9/17,279,282,286,292,286,296,279,275,291,278,291,299,296,275,282,,,
Turkish HMS,8/10/17,275,295,281,277,284,292,284,293,293,292,298,300,287,288,280,,,
Turkish HMS,8/11/17,288,279,281,289,283,297,278,285,284,278,277,288,278,286,276,,,
Turkish HMS,8/12/17,293,276,275,294,287,286,283,286,294,297,284,296,295,289,298,,,
Turkish HMS,8/15/17,284,289,286,283,282,289,281,289,278,298,292,298,287,290,295,,,
Turkish HMS,8/16/17,282,276,285,291,298,299,275,275,290,285,295,295,284,297,285,,,
Turkish HMS,8/17/17,275,296,285,292,290,299,296,276,278,300,280,276,299,287,278,,,
Turkish HMS,8/18/17,290,285,295,293,283,290,299,298,285,282,284,275,285,296,295,,,
Turkish HMS,8/21/17,290,291,290,300,300,281,294,276,295,287,275,296,300,284,290,,,
Turkish HMS,8/22/17,275,278,279,293,278,290,284,291,299,296,296,290,299,297,293,,,
Turkish HMS,8/23/17,280,293,278,300,277,275,290,300,287,284,282,296,288,277,294,,,
Turkish HMS,8/24/17,293,291,299,289,291,291,300,294,281,279,278,297,294,280,285,,,
Turkish HMS,8/25/17,298,276,278,299,275,297,283,296,292,279,286,294,282,288,284,,,
Turkish HMS,8/29/17,278,296,288,280,283,286,296,295,280,284,291,300,275,288,280,,,
Turkish HMS,8/30/17,299,280,291,300,292,280,276,279,285,287,290,286,287,286,296,,,
Turkish HMS,8/31/17,292,281,290,286,283,283,294,289,275,277,277,290,279,276,296,,,
Turkish HMS,9/1/17,279,276,287,298,277,277,281,289,287,287,294,282,275,282,291,,,
Turkish HMS,9/4/17,299,295,277,299,289,299,293,300,279,289,276,284,284,292,284,,,
Turkish HMS,9/5/17,286,294,275,294,292,298,295,285,295,290,289,298,299,293,295,,,
Turkish HMS,9/6/17,300,287,293,287,284,288,288,290,298,297,282,285,296,276,286,,,
Turkish HMS,9/7/17,282,290,277,297,290,277,289,279,285,296,292,298,277,285,276,,,
Turkish HMS,9/8/17,294,279,300,285,289,300,290,291,295,297,293,296,276,284,295,,,
Turkish HMS,9/9/17,300,282,290,282,296,286,283,295,277,291,288,299,294,283,296,,,
Turkish HMS,9/12/17,293,286,292,286,295,295,284,288,295,278,292,283,297,276,292,,,
Turkish HMS,9/13/17,278,293,290,285,288,279,296,287,286,284,293,284,288,280,282,,,
Turkish HMS,9/14/17,276,298,285,281,283,282,286,280,292,292,289,285,281,275,281,,,
Turkish HMS,9/15/17,300,276,299,278,293,287,292,291,297,296,290,281,276,276,297,,,
Turkish HMS,9/18/17,297,284,293,275,278,289,299,280,299,275,291,276,277,291,297,,,
Turkish HMS,9/19/17,284,293,293,279,284,298,290,294,278,294,280,284,292,289,284,,,
Turkish HMS,9/20/17,299,283,280,290,292,296,290,283,283,288,287,294,297,299,277,,,
Turkish HMS,9/21/17,293,279,293,297,299,282,289,295,295,296,288,292,294,284,298,,,
Turkish HMS,9/22/17,295,275,294,300,300,281,298,299,296,278,281,288,291,284,300,,,
Turkish HMS,9/25/17,287,275,279,292,296,295,294,284,298,278,282,286,278,300,291,,,
Turkish HMS,9/26/17,284,277,284,293,296,283,281,275,288,282,280,277,286,276,280,,,
Turkish HMS,9/27/17,283,277,299,293,279,289,300,289,289,279,285,298,290,290,297,,,
Turkish HMS,9/28/17,292,286,292,288,296,290,294,297,281,280,299,280,278,300,288,,,
Turkish HMS,9/29/17,292,278,280,300,289,282,292,280,283,291,278,281,297,289,285,,,
Turkish HMS,10/2/17,296,289,279,295,287,290,286,300,279,277,289,296,293,290,298,,,
Turkish HMS,10/3/17,296,278,297,286,296,275,283,280,283,285,300,289,290,300,298,,,
Turkish HMS,10/4/17,290,300,296,295,292,287,285,289,291,293,298,294,284,298,292,,,
Turkish HMS,10/5/17,280,296,289,300,277,298,298,297,298,285,296,297,286,277,275,,,
Turkish HMS,10/6/17,286,299,278,282,275,299,283,284,276,277,279,280,280,275,276,,,
Turkish HMS,10/9/17,289,290,296,277,275,297,287,277,289,275,292,281,286,276,292,,,
Turkish HMS,10/10/17,292,299,276,296,298,285,289,287,285,282,287,282,275,298,286,,,
Turkish HMS,10/11/17,290,295,285,299,286,291,278,296,280,284,295,290,276,288,295,,,
Turkish HMS,10/12/17,280,289,275,300,288,291,290,290,291,293,283,277,289,299,275,,,
Turkish HMS,10/13/17,288,276,282,292,278,292,298,287,297,295,288,288,298,276,282,,,
Turkish HMS,10/16/17,289,298,295,287,292,290,293,278,290,294,293,287,300,300,298,,,
Turkish HMS,10/17/17,282,290,291,276,299,293,282,283,279,275,299,298,278,285,277,,,
Turkish HMS,10/18/17,295,281,281,277,296,297,284,275,285,285,280,284,280,297,297,,,
Turkish HMS,10/19/17,278,288,295,275,282,275,296,277,280,287,293,286,287,275,296,,,
Turkish HMS,10/20/17,286,277,291,297,277,293,294,291,297,292,279,299,287,290,284,,,
Turkish HMS,10/23/17,290,299,299,284,287,294,300,280,295,278,291,278,287,291,291,,,
Turkish HMS,10/24/17,283,284,300,290,282,294,300,294,282,282,298,275,284,294,285,,,
Turkish HMS,10/25/17,297,282,297,300,300,279,278,290,275,281,298,281,285,277,278,,,
Turkish HMS,10/26/17,284,299,297,299,300,283,285,276,299,299,276,286,299,283,287,,,
Turkish HMS,10/27/17,300,294,286,299,292,292,288,300,276,292,298,282,279,280,285,,,
Turkish HMS,10/30/17,283,286,279,277,280,284,277,283,284,280,283,288,282,296,297,,,
Turkish HMS,10/31/17,296,299,296,289,299,278,282,293,291,287,283,289,285,300,291,,,
Turkish HMS,11/1/17,275,293,300,292,279,286,284,275,289,275,299,297,294,298,298,,,
Turkish HMS,11/2/17,278,281,281,281,279,283,300,275,297,288,292,282,296,276,300,,,
Turkish HMS,11/3/17,299,278,275,295,286,292,293,286,279,293,276,289,275,291,291,,,
Turkish HMS,11/6/17,295,295,284,299,277,297,299,285,289,295,281,290,277,280,297,,,
Turkish HMS,11/7/17,296,286,279,300,281,299,296,285,277,294,285,300,294,283,281,,,
Turkish HMS,11/8/17,275,277,284,286,279,282,286,281,275,281,292,289,283,285,298,,,
Turkish HMS,11/9/17,275,297,286,287,285,285,293,299,286,289,289,289,283,279,300,,,
Turkish HMS,11/10/17,279,296,291,293,300,285,282,295,295,294,285,294,280,300,282,,,
Turkish HMS,11/13/17,285,285,275,276,276,282,283,286,275,281,293,290,284,298,279,,,
Turkish HMS,11/14/17,288,280,283,296,287,288,295,279,277,278,284,279,284,285,284,,,
Turkish HMS,11/15/17,297,279,290,279,278,294,284,278,284,285,298,291,276,287,288,,,
Turkish HMS,11/16/17,295,294,286,293,296,295,297,300,294,283,275,285,292,291,277,,,
Turkish HMS,11/17/17,288,294,293,283,279,277,283,277,294,278,281,285,295,280,283,,,
Turkish HMS,11/20/17,280,282,289,288,294,293,286,298,279,283,278,297,288,293,289,,,
Turkish HMS,11/21/17,297,289,281,287,289,295,286,286,300,282,298,278,295,291,294,,,
Turkish HMS,11/22/17,278,281,299,288,288,283,280,298,292,286,290,286,291,289,292,,,
Turkish HMS,11/23/17,299,282,292,283,280,278,300,288,300,296,286,278,284,293,287,,,
Turkish HMS,11/24/17,296,280,275,287,278,300,286,291,284,298,282,298,293,288,279,,,
Turkish HMS,11/27/17,279,291,286,281,291,284,276,295,284,296,288,278,288,279,292,,,
Turkish HMS,11/28/17,277,287,277,292,281,298,283,293,286,292,281,278,287,281,283,,,
Turkish HMS,11/29/17,286,291,284,290,292,278,284,299,298,298,283,291,290,293,295,,,
Turkish HMS,11/30/17,300,299,276,286,278,293,281,295,278,277,279,278,291,289,297,,,
Turkish HMS,12/1/17,280,281,276,297,290,278,286,291,280,286,292,284,283,288,292,,,
Turkish HMS,12/4/17,281,280,300,277,290,281,279,282,284,294,280,298,285,300,276,,,
Turkish HMS,12/5/17,291,295,287,297,278,275,292,296,291,285,296,280,299,278,290,,,
Turkish HMS,12/6/17,291,275,288,293,293,287,298,298,278,295,282,295,289,293,277,,,
Turkish HMS,12/7/17,276,278,286,281,278,291,293,298,293,300,277,278,292,278,294,,,
Turkish HMS,12/8/17,280,283,290,284,287,297,292,285,283,287,293,289,294,282,292,,,
Turkish HMS,12/11/17,285,294,275,283,296,278,293,281,280,282,276,277,283,291,290,,,
Turkish HMS,12/12/17,292,300,291,276,287,291,297,282,299,287,278,291,295,300,276,,,
Turkish HMS,12/13/17,288,294,290,300,298,291,291,277,290,290,276,281,287,279,287,,,
Turkish HMS,12/14/17,281,278,281,283,285,298,278,280,288,292,295,276,286,276,294,,,
Turkish HMS,12/15/17,278,276,288,289,286,298,297,297,293,299,300,293,280,287,286,,,
Turkish HMS,12/18/17,278,279,279,280,276,294,296,280,290,299,296,296,297,298,300,,,
Turkish HMS,12/19/17,276,299,285,287,290,288,287,296,280,282,300,275,289,300,278,,,
Turkish HMS,12/20/17,281,281,289,287,290,277,286,285,285,283,287,277,275,277,292,,,
Turkish HMS,12/21/17,280,278,285,296,278,283,289,281,286,298,284,289,294,297,298,,,
Turkish HMS,12/22/17,278,293,286,275,288,284,295,283,295,283,286,289,296,276,275,,,
Turkish HMS,12/27/17,292,287,282,294,287,296,275,300,290,285,276,281,294,289,300,,,
Turkish HMS,12/28/17,298,276,284,295,280,279,279,296,277,287,286,276,300,299,299,,,
Turkish HMS,12/29/17,289,275,282,284,276,296,300,291,280,285,297,296,282,278,297,,,
Turkish HMS,1/2/18,292,292,277,289,299,292,279,278,283,283,277,289,275,275,293,,,
Turkish HMS,1/3/18,298,295,284,279,285,276,282,296,289,295,275,286,280,290,276,,,
Turkish HMS,1/4/18,299,296,276,298,283,297,275,291,288,276,299,280,283,300,282,,,
Turkish HMS,1/5/18,296,292,297,294,293,282,282,294,282,276,281,300,289,288,289,,,
Turkish HMS,1/8/18,294,283,300,287,300,285,294,283,289,284,292,277,290,279,279,,,
Turkish HMS,1/9/18,292,287,292,290,287,285,283,287,297,299,287,297,287,278,286,,,
Turkish HMS,1/10/18,290,292,277,277,295,282,280,278,295,297,279,299,292,296,300,,,
Turkish HMS,1/11/18,280,300,279,297,284,292,290,284,291,290,284,296,299,285,284,,,
Turkish HMS,1/12/18,278,279,288,276,298,283,279,280,296,278,298,284,294,292,295,,,
Turkish HMS,1/15/18,281,300,289,282,285,296,290,290,282,276,281,285,292,276,284,,,
Turkish HMS,1/16/18,288,281,292,286,275,284,277,280,297,292,284,288,282,293,277,,,
Turkish HMS,1/17/18,296,283,298,286,295,287,300,290,290,295,283,279,277,299,289,,,
Turkish HMS,1/18/18,278,280,286,284,287,285,295,279,285,293,283,276,294,296,294,,,
Turkish HMS,1/19/18,300,288,275,295,279,277,279,293,284,276,286,294,276,295,283,,,
Turkish HMS,1/22/18,295,278,282,292,281,287,284,288,289,275,287,280,284,291,286,,,
Turkish HMS,1/23/18,287,297,282,300,283,278,283,277,283,275,278,284,298,289,298,,,
Turkish HMS,1/24/18,281,287,285,285,292,300,287,294,291,281,277,293,294,276,289,,,
Turkish HMS,1/25/18,295,276,283,289,277,276,299,287,299,296,300,293,281,297,292,,,
Turkish HMS,1/26/18,296,287,285,290,294,296,279,285,278,299,300,287,276,276,290,,,
Turkish HMS,1/29/18,299,292,280,283,280,281,300,279,277,291,276,296,286,291,298,,,
Turkish HMS,1/30/18,296,277,290,279,296,283,288,290,297,277,290,278,289,286,289,,,
Turkish HMS,1/31/18,278,296,277,281,278,286,275,289,296,297,279,275,277,287,293,,,
Turkish HMS,2/1/18,276,297,290,291,283,300,289,297,291,298,281,288,287,297,285,,,
Turkish HMS,2/2/18,294,277,286,289,299,294,279,292,289,288,280,299,290,285,276,,,
Turkish HMS,2/5/18,299,290,297,278,289,284,288,275,295,291,290,285,282,290,277,,,
Turkish HMS,2/6/18,295,281,281,287,282,296,281,278,287,296,286,294,276,278,288,,,
Turkish HMS,2/7/18,287,285,287,282,298,280,279,297,280,285,291,286,287,293,280,,,
Turkish HMS,2/8/18,295,299,279,295,299,282,285,292,290,296,299,275,277,298,295,,,
Turkish HMS,2/9/18,279,287,299,280,290,294,282,279,280,296,276,279,292,299,291,,,
Turkish HMS,2/12/18,288,277,281,299,298,281,293,280,300,286,284,287,292,283,296,,,
Turkish HMS,2/13/18,293,280,279,292,278,289,293,279,275,280,278,285,287,295,279,,,
Turkish HMS,2/14/18,285,298,292,294,276,287,278,291,296,293,279,275,290,286,284,,,
Turkish HMS,2/15/18,279,296,289,294,277,299,275,295,276,282,283,283,284,285,291,,,
Turkish HMS,2/16/18,287,291,276,293,279,298,300,288,283,291,300,292,286,292,294,,,
Turkish HMS,2/19/18,298,300,278,300,278,286,287,286,286,289,286,292,294,287,286,,,
Turkish HMS,2/20/18,279,275,283,276,299,277,299,288,279,282,278,294,291,277,295,,,
Turkish HMS,2/21/18,280,299,300,276,298,298,285,279,299,295,291,299,297,278,275,,,
Turkish HMS,2/22/18,282,281,292,291,292,290,290,290,291,284,285,280,287,282,290,,,
Turkish HMS,2/23/18,291,283,279,285,289,280,276,276,281,293,277,275,295,277,300,,,
Turkish HMS,2/26/18,291,294,276,290,285,293,293,282,280,280,290,297,295,288,290,,,
Turkish HMS,2/27/18,289,290,297,290,281,297,284,277,276,285,296,287,282,286,285,,,
Turkish HMS,2/28/18,291,280,292,287,277,294,281,290,298,291,289,292,297,276,284,,,
Turkish HMS,3/1/18,283,296,296,288,300,297,278,278,286,294,286,290,293,295,280,,,
Turkish HMS,3/2/18,285,297,289,279,289,284,289,285,292,294,286,283,287,283,276,,,
Turkish HMS,3/5/18,292,289,295,292,279,288,281,297,294,278,288,275,284,279,285,,,
Turkish HMS,3/6/18,292,276,295,292,299,291,294,284,286,289,288,298,280,289,300,,,
Turkish HMS,3/7/18,290,291,277,300,289,281,296,297,298,279,289,275,295,296,275,,,
Turkish HMS,3/8/18,278,294,299,287,284,292,297,276,286,277,279,288,281,275,295,,,
Turkish HMS,3/9/18,278,300,300,276,299,291,280,281,297,286,277,292,283,284,291,,,
Turkish HMS,3/12/18,289,295,292,291,280,297,298,281,286,294,280,294,280,298,289,,,
Turkish HMS,3/13/18,281,295,288,283,281,295,287,289,285,292,284,298,276,281,291,,,
Turkish HMS,3/14/18,279,280,288,300,282,278,297,277,281,276,299,282,299,292,276,,,
Turkish HMS,3/15/18,295,286,289,296,284,275,285,300,289,278,293,281,289,295,283,,,
Turkish HMS,3/16/18,300,294,299,285,276,275,286,282,294,290,291,296,291,277,285,,,
Turkish HMS,3/19/18,297,281,286,277,291,277,285,280,288,295,277,280,286,289,293,,,
Turkish HMS,3/20/18,288,299,291,286,299,293,288,293,277,275,285,284,283,283,283,,,
Turkish HMS,3/21/18,300,280,277,284,292,275,284,298,283,299,285,279,299,298,286,,,
Turkish HMS,3/22/18,280,279,293,275,278,291,279,298,288,285,286,291,283,291,299,,,
Turkish HMS,3/23/18,290,276,289,298,289,279,283,277,290,300,276,296,281,279,281,,,
Turkish HMS,3/26/18,280,281,287,280,296,285,282,292,281,288,286,281,279,275,295,,,
Turkish HMS,3/27/18,298,284,290,296,293,275,289,282,280,278,282,282,284,276,288,,,
Turkish HMS,3/28/18,296,292,276,290,294,285,299,279,275,290,294,279,283,294,294,,,
Turkish HMS,3/29/18,289,280,289,287,276,300,278,298,288,276,291,300,295,281,288,,,
Turkish HMS,4/3/18,283,281,297,294,279,277,280,280,292,287,287,281,281,279,293,,,
Turkish HMS,4/4/18,277,297,282,279,289,295,282,279,290,290,294,278,276,296,296,,,
Turkish HMS,4/5/18,276,296,287,298,278,294,294,275,296,292,300,292,297,286,287,,,
Turkish HMS,4/6/18,291,299,299,298,284,297,284,290,297,300,277,281,294,293,280,,,
Turkish HMS,4/9/18,284,283,279,295,296,286,292,286,298,288,283,300,286,300,292,,,
Turkish HMS,4/10/18,292,295,288,299,275,280,276,278,289,283,284,298,297,283,296,,,
Turkish HMS,4/11/18,283,286,282,286,293,282,300,284,275,293,295,291,293,281,277,,,
Turkish HMS,4/12/18,289,280,293,286,277,290,279,292,290,300,297,280,283,285,286,,,
Turkish HMS,4/13/18,296,276,285,278,290,282,297,299,288,296,294,291,292,282,293,,,
Turkish HMS,4/16/18,281,279,294,291,297,283,281,297,298,280,276,281,286,283,277,,,
Turkish HMS,4/17/18,298,291,291,297,275,284,299,294,288,286,297,290,288,284,280,,,
Turkish HMS,4/18/18,299,282,286,291,297,284,292,300,291,287,294,294,297,279,295,,,
Turkish HMS,4/19/18,293,290,300,281,280,290,282,282,288,283,297,281,300,292,288,,,
Turkish HMS,4/20/18,299,298,300,292,285,297,295,298,291,281,285,279,287,291,293,,,
Turkish HMS,4/23/18,278,279,291,275,288,276,285,276,285,284,276,296,279,288,292,,,
Turkish HMS,4/24/18,277,277,284,298,280,279,279,296,293,275,279,284,295,285,289,,,
Turkish HMS,4/25/18,284,275,285,293,291,275,295,287,286,285,290,297,286,282,276,,,
Turkish HMS,4/26/18,297,294,275,300,275,288,297,279,294,291,289,282,298,290,296,,,
Turkish HMS,4/27/18,289,291,290,294,287,295,276,297,287,276,281,292,282,284,298,,,
Turkish HMS,4/30/18,289,281,286,282,296,279,295,287,287,279,297,279,300,293,295,,,
Turkish HMS,5/1/18,280,275,279,287,279,291,275,283,289,285,281,296,279,275,286,,,
Turkish HMS,5/2/18,289,288,294,282,287,282,282,276,280,275,290,297,294,282,297,,,
Turkish HMS,5/3/18,300,294,292,299,298,294,276,295,276,287,297,293,296,295,278,,,
Turkish HMS,5/4/18,284,297,289,282,279,292,292,296,289,293,284,286,281,295,278,,,
Turkish HMS,5/8/18,275,286,292,291,292,292,290,277,281,284,278,278,288,296,277,,,
Turkish HMS,5/9/18,291,294,278,280,285,281,297,293,297,290,277,287,282,295,275,,,
Turkish HMS,5/10/18,290,285,277,285,293,298,289,278,293,297,276,296,290,294,278,,,
Turkish HMS,5/11/18,298,283,292,293,290,293,291,296,288,291,290,292,282,282,289,,,
Turkish HMS,5/14/18,275,284,294,279,283,280,280,276,280,277,297,285,278,275,300,,,
Turkish HMS,5/15/18,295,297,281,297,279,298,286,280,280,285,289,282,291,296,280,,,
Turkish HMS,5/16/18,275,285,280,285,298,291,279,285,297,294,280,277,275,296,294,,,
Turkish HMS,5/17/18,295,285,278,287,298,284,278,297,278,295,300,300,299,291,285,,,
Turkish HMS,5/18/18,300,299,300,287,285,300,287,281,283,297,280,280,275,298,296,,,
Turkish HMS,5/21/18,288,285,300,275,277,279,291,297,286,288,291,290,291,298,289,,,
Turkish HMS,5/22/18,297,291,283,278,289,281,288,279,288,285,281,283,287,296,277,,,
Turkish HMS,5/23/18,284,283,282,295,284,286,298,291,294,278,295,281,290,278,281,,,
Turkish HMS,5/24/18,296,293,281,283,294,299,288,298,288,299,291,300,287,279,280,,,
Turkish HMS,5/25/18,298,294,277,275,286,287,287,297,296,298,299,298,277,283,289,,,
Turkish HMS,5/29/18,282,299,277,296,300,277,282,275,299,300,294,281,297,286,292,,,
Turkish HMS,5/30/18,283,300,280,296,289,281,300,279,293,283,292,288,282,290,284,,,
Turkish HMS,5/31/18,285,294,282,277,279,284,282,287,286,287,275,283,281,296,276,,,
Turkish HMS,6/1/18,300,276,295,292,285,288,300,289,283,284,276,276,297,283,298,,,
Turkish HMS,6/4/18,286,297,276,277,291,289,296,295,293,286,287,293,295,276,296,,,
Turkish HMS,6/5/18,281,300,287,292,279,277,278,292,287,299,286,275,295,281,286,,,
Turkish HMS,6/6/18,281,296,297,293,282,284,294,289,282,277,298,294,287,284,288,,,
Turkish HMS,6/7/18,286,290,284,290,275,277,280,297,292,289,292,276,280,295,300,,,
Turkish HMS,6/8/18,296,287,290,297,276,293,293,295,286,294,299,299,277,286,275,,,
Turkish HMS,6/11/18,300,285,285,296,290,291,283,281,296,276,282,292,280,292,298,,,
Turkish HMS,6/12/18,279,291,276,296,279,293,292,283,285,276,277,284,298,299,283,,,
Turkish HMS,6/13/18,297,284,275,275,287,287,284,276,292,298,289,283,279,299,286,,,
Turkish HMS,6/14/18,281,300,284,276,279,296,283,285,278,277,291,275,296,298,298,,,
Turkish HMS,6/15/18,281,294,286,288,280,295,296,299,290,278,292,287,280,276,287,,,
Turkish HMS,6/18/18,280,286,299,298,277,298,285,284,291,276,296,280,277,285,283,,,
Turkish HMS,6/19/18,288,282,298,296,297,293,277,300,284,288,300,292,284,287,276,,,
Turkish HMS,6/20/18,277,283,299,292,276,298,285,299,276,287,277,296,300,298,284,,,
Turkish HMS,6/21/18,300,299,283,300,289,284,278,276,295,279,276,293,295,288,291,,,
Turkish HMS,6/22/18,289,295,295,289,283,294,280,295,291,278,290,290,296,295,286,,,
Turkish HMS,6/25/18,283,295,276,300,277,278,281,285,296,291,293,279,291,298,287,,,
Turkish HMS,6/26/18,289,280,282,295,280,297,284,288,288,289,294,288,299,289,298,,,
Turkish HMS,6/27/18,300,289,300,275,282,281,296,300,283,287,298,300,279,294,281,,,
Turkish HMS,6/28/18,277,289,285,288,275,300,275,276,294,275,288,286,280,277,284,,,
Turkish HMS,6/29/18,290,290,281,275,287,297,282,282,280,275,294,297,287,295,288,,,
Turkish HMS,7/2/18,289,286,276,296,292,297,289,286,279,295,299,277,291,277,275,,,
Turkish HMS,7/3/18,289,293,292,277,277,282,292,298,279,294,289,296,278,292,297,,,
Turkish HMS,7/4/18,290,281,276,275,299,299,290,280,291,299,299,289,299,278,281,,,
Turkish HMS,7/5/18,287,282,276,291,284,286,297,280,298,295,277,298,286,276,280,,,
Turkish HMS,7/6/18,298,283,296,283,281,292,287,285,294,280,285,282,293,286,289,,,
Turkish HMS,7/9/18,296,300,298,289,281,283,292,294,282,281,297,292,283,278,276,,,
Turkish HMS,7/10/18,296,292,280,275,290,291,286,289,287,276,298,276,286,275,282,,,
Turkish HMS,7/11/18,279,276,293,289,290,292,291,284,295,288,292,278,299,275,293,,,
Turkish HMS,7/12/18,298,280,281,285,277,297,276,288,284,298,300,283,292,299,276,,,
Turkish HMS,7/13/18,300,285,289,279,288,295,280,275,283,297,290,282,287,293,279,,,
Turkish HMS,7/16/18,282,282,289,286,292,276,292,299,286,288,277,283,281,292,278,,,
Turkish HMS,7/17/18,284,289,299,287,296,280,299,281,279,294,296,294,284,280,300,,,
Turkish HMS,7/18/18,280,294,284,297,277,299,284,293,293,276,287,294,292,294,281,,,
Busheling,5/1/17,334,353,367,305,326,310,318,,,,,,,,,,,
Busheling,5/2/17,333,361,347,335,307,330,360,,,,,,,,,,,
Busheling,5/3/17,308,313,353,343,303,316,312,,,,,,,,,,,
Busheling,5/4/17,370,364,349,334,339,354,357,,,,,,,,,,,
Busheling,5/5/17,353,364,350,327,343,329,337,,,,,,,,,,,
Busheling,5/8/17,350,325,330,326,319,306,337,,,,,,,,,,,
Busheling,5/9/17,362,357,301,329,325,322,326,,,,,,,,,,,
Busheling,5/10/17,323,312,334,355,329,300,305,,,,,,,,,,,
Busheling,5/11/17,333,367,307,314,370,336,354,,,,,,,,,,,
Busheling,5/12/17,355,323,334,332,302,318,330,,,,,,,,,,,
Busheling,5/15/17,332,318,362,333,347,309,305,,,,,,,,,,,
Busheling,5/16/17,334,323,313,319,307,306,302,,,,,,,,,,,
Busheling,5/17/17,339,329,328,331,357,343,314,,,,,,,,,,,
Busheling,5/18/17,367,305,316,355,306,350,318,,,,,,,,,,,
Busheling,5/19/17,363,320,342,335,347,311,302,,,,,,,,,,,
Busheling,5/22/17,328,309,313,362,363,325,301,,,,,,,,,,,
Busheling,5/23/17,350,301,311,339,344,368,344,,,,,,,,,,,
Busheling,5/24/17,320,356,333,317,331,300,369,,,,,,,,,,,
Busheling,5/25/17,321,319,334,331,330,301,319,,,,,,,,,,,
Busheling,5/26/17,356,343,337,344,364,358,363,,,,,,,,,,,
Busheling,5/30/17,360,309,325,327,357,368,352,,,,,,,,,,,
Busheling,5/31/17,348,323,326,331,323,368,315,,,,,,,,,,,
Busheling,6/1/17,354,353,314,304,326,347,352,,,,,,,,,,,
Busheling,6/2/17,358,309,335,344,360,319,362,,,,,,,,,,,
Busheling,6/5/17,300,328,341,302,327,305,313,,,,,,,,,,,
Busheling,6/6/17,338,333,347,315,354,306,320,,,,,,,,,,,
Busheling,6/7/17,366,344,326,303,351,368,343,,,,,,,,,,,
Busheling,6/8/17,338,350,358,365,367,364,318,,,,,,,,,,,
Busheling,6/9/17,353,318,360,360,310,326,353,,,,,,,,,,,
Busheling,6/12/17,315,341,308,363,353,357,,,,,,,,,,,,
Busheling,6/13/17,343,312,362,340,303,349,,,,,,,,,,,,
Busheling,6/14/17,355,368,361,368,339,368,,,,,,,,,,,,
Busheling,6/15/17,354,348,333,322,350,351,,,,,,,,,,,,
Busheling,6/16/17,315,303,319,316,335,363,,,,,,,,,,,,
Busheling,6/19/17,311,357,368,331,364,320,,,,,,,,,,,,
Busheling,6/20/17,346,302,343,368,328,308,,,,,,,,,,,,
Busheling,6/21/17,314,321,345,311,350,342,,,,,,,,,,,,
Busheling,6/22/17,342,344,341,350,332,338,,,,,,,,,,,,
Busheling,6/23/17,322,354,363,307,302,327,,,,,,,,,,,,
Busheling,6/26/17,327,336,316,300,364,300,,,,,,,,,,,,
Busheling,6/27/17,313,316,337,329,365,315,,,,,,,,,,,,
Busheling,6/28/17,361,330,330,313,320,332,,,,,,,,,,,,
Busheling,6/29/17,320,328,338,322,329,332,,,,,,,,,,,,
Busheling,6/30/17,314,332,303,322,339,356,,,,,,,,,,,,
Busheling,7/3/17,325,330,345,325,363,340,,,,,,,,,,,,
Busheling,7/5/17,338,314,316,370,344,356,,,,,,,,,,,,
Busheling,7/6/17,330,305,358,346,368,359,,,,,,,,,,,,
Busheling,7/7/17,338,301,313,356,315,303,,,,,,,,,,,,
Busheling,7/10/17,352,308,347,329,352,340,,,,,,,,,,,,
Busheling,7/11/17,363,323,314,301,362,365,,,,,,,,,,,,
Busheling,7/12/17,312,330,346,348,354,333,,,,,,,,,,,,
Busheling,7/13/17,345,313,310,331,300,363,,,,,,,,,,,,
Busheling,7/14/17,333,350,316,350,336,370,,,,,,,,,,,,
Busheling,7/17/17,302,359,322,326,359,324,,,,,,,,,,,,
Busheling,7/18/17,350,342,361,311,358,308,,,,,,,,,,,,
Busheling,7/19/17,329,369,346,366,313,359,,,,,,,,,,,,
Busheling,7/20/17,319,304,352,315,323,327,,,,,,,,,,,,
Busheling,7/21/17,334,342,367,366,324,370,,,,,,,,,,,,
Busheling,7/24/17,334,316,302,352,317,339,,,,,,,,,,,,
Busheling,7/25/17,304,300,365,314,369,354,,,,,,,,,,,,
Busheling,7/26/17,366,341,370,338,305,305,,,,,,,,,,,,
Busheling,7/27/17,362,367,321,314,316,360,,,,,,,,,,,,
Busheling,7/28/17,349,366,318,361,341,337,,,,,,,,,,,,
Busheling,7/31/17,303,355,303,357,323,332,,,,,,,,,,,,
Busheling,8/1/17,307,309,302,341,304,362,,,,,,,,,,,,
Busheling,8/2/17,367,327,369,302,333,359,,,,,,,,,,,,
Busheling,8/3/17,320,330,339,300,323,306,,,,,,,,,,,,
Busheling,8/4/17,302,317,320,308,340,311,,,,,,,,,,,,
Busheling,8/7/17,367,328,362,367,302,300,,,,,,,,,,,,
Busheling,8/8/17,369,309,320,324,332,325,,,,,,,,,,,,
Busheling,8/9/17,360,322,308,301,345,311,,,,,,,,,,,,
Busheling,8/10/17,324,359,306,321,325,306,,,,,,,,,,,,
Busheling,8/11/17,343,335,348,362,,,,,,,,,,,,,,
Busheling,8/14/17,304,329,315,325,,,,,,,,,,,,,,
Busheling,8/15/17,305,342,303,323,,,,,,,,,,,,,,
Busheling,8/16/17,347,346,318,304,,,,,,,,,,,,,,
Busheling,8/17/17,300,341,314,337,,,,,,,,,,,,,,
Busheling,8/18/17,367,348,306,357,,,,,,,,,,,,,,
Busheling,8/21/17,340,331,342,311,,,,,,,,,,,,,,
Busheling,8/22/17,349,354,337,309,,,,,,,,,,,,,,
Busheling,8/23/17,322,320,302,310,,,,,,,,,,,,,,
Busheling,8/24/17,300,336,336,326,,,,,,,,,,,,,,
Busheling,8/25/17,347,353,348,327,,,,,,,,,,,,,,
Busheling,8/28/17,314,312,341,367,,,,,,,,,,,,,,
Busheling,8/29/17,331,323,346,312,,,,,,,,,,,,,,
Busheling,8/30/17,346,337,365,320,,,,,,,,,,,,,,
Busheling,8/31/17,330,328,368,365,,,,,,,,,,,,,,
Busheling,9/1/17,353,316,342,347,,,,,,,,,,,,,,
Busheling,9/5/17,322,347,301,349,,,,,,,,,,,,,,
Busheling,9/6/17,351,312,350,334,,,,,,,,,,,,,,
Busheling,9/7/17,323,367,306,309,,,,,,,,,,,,,,
Busheling,9/8/17,337,356,328,343,,,,,,,,,,,,,,
Busheling,9/11/17,366,303,365,361,,,,,,,,,,,,,,
Busheling,9/12/17,301,313,345,,,,,,,,,,,,,,,
Busheling,9/13/17,348,333,347,,,,,,,,,,,,,,,
Busheling,9/14/17,364,360,344,,,,,,,,,,,,,,,
Busheling,9/15/17,353,328,324,,,,,,,,,,,,,,,
Busheling,9/18/17,302,301,328,,,,,,,,,,,,,,,
Busheling,9/19/17,319,324,300,,,,,,,,,,,,,,,
Busheling,9/20/17,305,344,333,,,,,,,,,,,,,,,
Busheling,9/21/17,342,339,356,,,,,,,,,,,,,,,
Busheling,9/22/17,350,340,300,,,,,,,,,,,,,,,
Busheling,9/25/17,334,341,334,,,,,,,,,,,,,,,
Busheling,9/26/17,304,327,321,,,,,,,,,,,,,,,
Busheling,9/27/17,327,314,368,,,,,,,,,,,,,,,
Busheling,9/28/17,301,330,340,,,,,,,,,,,,,,,
Busheling,9/29/17,316,343,310,,,,,,,,,,,,,,,
Busheling,10/2/17,330,316,364,,,,,,,,,,,,,,,
Busheling,10/3/17,348,366,318,,,,,,,,,,,,,,,
Busheling,10/4/17,340,334,333,,,,,,,,,,,,,,,
Busheling,10/5/17,339,316,338,,,,,,,,,,,,,,,
Busheling,10/6/17,355,326,304,,,,,,,,,,,,,,,
Busheling,10/9/17,336,338,330,,,,,,,,,,,,,,,
Busheling,10/10/17,322,353,319,,,,,,,,,,,,,,,
Busheling,10/11/17,362,355,351,,,,,,,,,,,,,,,
Busheling,10/12/17,365,361,354,309,361,361,344,332,327,342,306,340,346,,,,,
Busheling,10/13/17,302,357,309,359,302,308,366,313,319,362,323,349,320,,,,,
Busheling,10/16/17,337,311,323,348,337,357,333,335,322,368,351,362,344,,,,,
Busheling,10/17/17,311,364,369,337,319,332,365,342,349,323,347,357,345,,,,,
Busheling,10/18/17,301,316,362,301,331,320,322,331,301,324,306,350,336,,,,,
Busheling,10/19/17,345,308,355,345,352,362,365,333,304,307,302,342,362,,,,,
Busheling,10/20/17,359,367,361,302,334,346,352,305,303,368,321,303,335,,,,,
Busheling,10/23/17,355,340,347,321,300,344,369,338,345,300,334,361,321,,,,,
Busheling,10/24/17,300,367,313,362,305,365,332,335,303,305,364,341,361,,,,,
Busheling,10/25/17,330,318,352,361,322,333,336,301,352,345,331,360,344,,,,,
Busheling,10/26/17,314,357,324,314,338,358,357,356,367,358,366,320,336,,,,,
Busheling,10/27/17,352,301,313,348,354,319,322,331,319,329,345,312,314,,,,,
Busheling,10/30/17,339,354,351,360,352,340,334,310,361,302,307,340,313,,,,,
Busheling,10/31/17,350,320,311,320,369,318,305,301,358,331,365,340,332,,,,,
Busheling,11/1/17,322,363,327,337,352,307,314,359,336,308,321,338,352,,,,,
Busheling,11/2/17,344,313,367,346,330,365,345,316,362,335,359,352,360,,,,,
Busheling,11/3/17,300,363,313,367,303,349,309,310,327,343,322,330,329,,,,,
Busheling,11/6/17,306,318,328,309,353,321,328,308,331,353,365,342,321,,,,,
Busheling,11/7/17,302,300,324,343,332,340,362,337,310,365,361,351,339,,,,,
Busheling,11/8/17,358,335,351,363,338,317,367,361,304,366,345,358,354,,,,,
Busheling,11/9/17,342,305,349,347,360,369,339,314,312,321,324,353,369,,,,,
Busheling,11/10/17,370,336,309,345,314,343,308,307,348,337,314,337,370,,,,,
Busheling,11/13/17,317,302,352,312,353,346,356,367,353,315,321,320,336,,,,,
Busheling,11/14/17,348,324,330,319,333,313,314,349,367,313,307,365,348,,,,,
Busheling,11/15/17,318,307,314,357,350,314,360,325,318,333,303,333,356,,,,,
Busheling,11/16/17,308,300,326,366,349,359,303,327,311,350,315,318,325,,,,,
Busheling,11/17/17,343,328,346,338,338,321,354,333,362,332,334,317,351,,,,,
Busheling,11/20/17,332,362,335,346,340,306,368,350,359,308,327,349,326,,,,,
Busheling,11/21/17,305,355,321,312,349,318,358,361,327,335,306,301,339,,,,,
Busheling,11/22/17,320,344,361,349,347,369,336,314,321,338,342,352,309,,,,,
Busheling,11/24/17,348,362,341,312,344,313,312,301,302,342,362,367,367,,,,,
Busheling,11/27/17,327,340,304,318,338,345,342,337,323,346,357,318,365,,,,,
Busheling,11/28/17,361,328,325,350,340,316,348,318,354,325,343,326,326,,,,,
Busheling,11/29/17,325,370,329,330,365,330,301,310,351,300,318,345,311,,,,,
Busheling,11/30/17,334,359,335,344,355,328,351,308,360,354,325,357,306,,,,,
Busheling,12/1/17,360,330,335,366,359,313,359,350,305,328,315,318,366,,,,,
Busheling,12/4/17,339,361,302,300,357,314,313,336,321,316,369,308,333,,,,,
Busheling,12/5/17,347,342,364,334,319,312,317,362,324,318,318,353,353,,,,,
Busheling,12/6/17,305,342,355,309,308,362,302,313,333,319,353,307,331,,,,,
Busheling,12/7/17,335,348,303,362,314,362,345,327,360,313,301,333,346,,,,,
Busheling,12/8/17,322,351,342,344,325,348,323,307,344,330,345,344,351,,,,,
Busheling,12/11/17,329,329,321,353,315,343,315,339,318,322,345,333,367,,,,,
Busheling,12/12/17,336,308,366,321,361,340,346,320,338,356,343,300,366,,,,,
Busheling,12/13/17,320,301,367,353,351,323,342,348,370,337,356,342,,,,,,
Busheling,12/14/17,340,359,312,364,361,367,331,339,315,345,342,326,,,,,,
Busheling,12/15/17,370,317,326,323,332,326,368,309,361,346,317,342,,,,,,
Busheling,12/18/17,336,367,346,346,352,300,309,302,313,369,325,359,,,,,,
Busheling,12/19/17,314,327,363,316,360,326,317,326,358,330,320,341,,,,,,
Busheling,12/20/17,340,324,319,368,341,312,313,338,362,341,350,335,,,,,,
Busheling,12/21/17,354,359,346,332,304,306,333,324,346,361,326,318,,,,,,
Busheling,12/22/17,362,304,305,325,301,324,304,307,337,364,360,304,,,,,,
Busheling,12/26/17,358,302,303,335,336,366,352,330,342,369,342,306,,,,,,
Busheling,12/27/17,326,360,329,361,330,320,349,314,363,301,308,349,,,,,,
Busheling,12/28/17,348,302,363,312,317,315,340,335,332,336,331,366,,,,,,
Busheling,12/29/17,331,311,329,310,331,304,356,315,353,368,356,334,,,,,,
Busheling,1/2/18,346,362,346,357,302,327,345,326,357,325,303,324,,,,,,
Busheling,1/3/18,331,363,341,334,329,319,313,367,363,307,355,350,,,,,,
Busheling,1/4/18,335,342,362,304,364,368,318,307,315,312,336,340,,,,,,
Busheling,1/5/18,344,307,326,364,316,362,336,351,359,358,356,321,,,,,,
Busheling,1/8/18,361,335,338,316,320,340,368,356,310,327,331,362,,,,,,
Busheling,1/9/18,343,356,311,343,353,315,303,300,357,311,324,323,,,,,,
Busheling,1/10/18,365,360,335,317,334,346,303,310,347,311,359,368,,,,,,
Busheling,1/11/18,360,336,331,325,306,326,315,363,345,338,303,,,,,,,
Busheling,1/12/18,303,339,332,347,338,310,330,315,351,315,334,,,,,,,
Busheling,1/16/18,368,343,304,361,345,312,317,338,370,370,340,,,,,,,
Busheling,1/17/18,357,320,310,337,347,331,306,314,305,327,348,,,,,,,
Busheling,1/18/18,302,315,361,353,367,358,340,358,357,343,339,,,,,,,
Busheling,1/19/18,317,310,305,355,352,338,319,351,333,366,364,,,,,,,
Busheling,1/20/18,325,360,366,345,341,308,318,340,353,358,309,,,,,,,
Busheling,1/23/18,308,347,354,336,353,363,314,333,333,319,365,,,,,,,
Busheling,1/24/18,306,364,333,301,322,303,319,363,321,345,303,,,,,,,
Busheling,1/25/18,365,319,323,361,357,335,329,324,364,343,312,,,,,,,
Busheling,1/26/18,349,357,329,361,313,308,342,347,316,311,317,,,,,,,
Busheling,1/29/18,365,317,348,365,360,322,323,347,356,315,302,,,,,,,
Busheling,1/30/18,352,322,315,327,315,343,357,320,309,320,332,,,,,,,
Busheling,1/31/18,335,315,337,312,345,309,340,328,368,368,353,,,,,,,
Busheling,2/1/18,357,309,348,307,306,358,302,308,310,362,335,,,,,,,
Busheling,2/2/18,368,365,340,359,335,316,328,369,347,319,333,,,,,,,
Busheling,2/5/18,334,352,329,301,314,308,313,329,353,319,310,,,,,,,
Busheling,2/6/18,330,363,368,339,359,308,300,358,339,370,350,,,,,,,
Busheling,2/7/18,345,340,358,320,322,333,304,357,327,308,364,,,,,,,
Busheling,2/8/18,322,353,314,347,307,352,311,331,302,307,355,,,,,,,
Busheling,2/9/18,305,313,325,368,325,322,349,364,331,333,311,,,,,,,
Busheling,2/12/18,353,351,334,359,360,370,349,344,345,362,369,,,,,,,
Busheling,2/13/18,326,350,364,353,300,364,323,347,314,333,,,,,,,,
Busheling,2/14/18,340,356,353,339,330,352,370,366,308,355,,,,,,,,
Busheling,2/15/18,340,353,312,306,344,332,367,334,303,334,,,,,,,,
Busheling,2/16/18,356,300,324,359,310,301,327,343,360,330,,,,,,,,
Busheling,2/20/18,362,360,317,369,330,312,303,363,363,370,,,,,,,,
Busheling,2/21/18,370,314,356,323,341,358,360,311,368,334,,,,,,,,
Busheling,2/22/18,317,332,349,335,345,322,347,352,336,367,,,,,,,,
Busheling,2/23/18,300,367,362,347,331,319,347,331,315,327,,,,,,,,
Busheling,2/26/18,348,333,326,365,345,328,361,329,360,322,,,,,,,,
Busheling,2/27/18,313,328,308,350,331,321,358,302,362,330,,,,,,,,
Busheling,2/28/18,368,316,323,313,324,334,350,345,341,326,,,,,,,,
Busheling,3/1/18,316,343,327,322,329,312,318,354,362,322,,,,,,,,
Busheling,3/2/18,330,347,364,303,339,329,361,321,349,311,,,,,,,,
Busheling,3/5/18,351,337,310,327,355,334,364,304,308,301,,,,,,,,
Busheling,3/6/18,329,326,310,305,316,363,366,309,307,304,,,,,,,,
Busheling,3/7/18,349,363,326,315,340,332,300,333,321,363,,,,,,,,
Busheling,3/8/18,356,335,331,323,304,309,364,316,321,342,,,,,,,,
Busheling,3/9/18,367,320,326,332,326,323,326,336,370,313,,,,,,,,
Busheling,3/12/18,342,330,365,330,369,316,354,325,355,328,,,,,,,,
Busheling,3/13/18,360,312,350,346,329,322,364,361,362,,,,,,,,,
Busheling,3/14/18,323,349,361,301,326,343,366,333,322,,,,,,,,,
Busheling,3/15/18,366,316,364,306,345,307,343,363,310,,,,,,,,,
Busheling,3/16/18,355,310,348,347,341,339,306,344,363,,,,,,,,,
Busheling,3/19/18,316,321,356,339,323,314,339,332,332,,,,,,,,,
Busheling,3/20/18,367,349,319,349,329,360,306,301,300,,,,,,,,,
Busheling,3/21/18,340,341,348,334,321,354,340,323,317,,,,,,,,,
Busheling,3/22/18,357,347,323,318,320,343,346,349,361,,,,,,,,,
Busheling,3/23/18,356,312,362,334,358,324,303,355,339,,,,,,,,,
Busheling,3/26/18,303,354,337,327,310,322,370,344,353,,,,,,,,,
Busheling,3/27/18,346,353,361,324,302,369,308,316,320,,,,,,,,,
Busheling,3/28/18,356,325,327,333,304,320,362,345,329,,,,,,,,,
Busheling,3/29/18,330,319,319,335,358,335,365,352,364,,,,,,,,,
Busheling,4/2/18,370,364,334,342,313,310,319,335,326,,,,,,,,,
Busheling,4/3/18,318,303,307,334,324,362,335,326,304,,,,,,,,,
Busheling,4/4/18,329,317,310,304,315,353,359,328,320,,,,,,,,,
Busheling,4/5/18,354,329,353,322,361,323,370,311,321,,,,,,,,,
Busheling,4/6/18,312,338,370,334,314,369,326,316,326,,,,,,,,,
Busheling,4/9/18,343,361,334,305,336,318,343,308,363,,,,,,,,,
Busheling,4/10/18,314,370,326,348,340,324,315,305,,,,,,,,,,
Busheling,4/11/18,369,353,311,314,368,318,317,369,,,,,,,,,,
Busheling,4/12/18,306,358,367,309,370,311,360,330,,,,,,,,,,
Busheling,4/13/18,360,350,310,367,326,369,359,349,,,,,,,,,,
Busheling,4/16/18,324,319,332,326,319,315,317,328,,,,,,,,,,
Busheling,4/17/18,346,335,355,363,362,304,304,302,,,,,,,,,,
Busheling,4/18/18,368,318,344,357,370,364,312,302,,,,,,,,,,
Busheling,4/19/18,300,311,345,320,321,342,306,341,,,,,,,,,,
Busheling,4/20/18,320,346,319,300,318,322,312,324,,,,,,,,,,
Busheling,4/23/18,360,313,300,351,338,314,343,335,,,,,,,,,,
Busheling,4/24/18,320,355,368,347,328,368,302,329,,,,,,,,,,
Busheling,4/25/18,357,359,368,329,311,312,331,362,,,,,,,,,,
Busheling,4/26/18,312,358,318,323,342,362,314,331,,,,,,,,,,
Busheling,4/27/18,331,311,319,318,311,332,301,352,,,,,,,,,,
Busheling,4/30/18,324,332,300,349,347,324,328,367,,,,,,,,,,
Busheling,5/1/18,318,316,313,348,365,330,345,334,,,,,,,,,,
Busheling,5/2/18,341,327,364,320,342,348,301,342,,,,,,,,,,
Busheling,5/3/18,326,349,370,304,328,340,364,335,,,,,,,,,,
Busheling,5/4/18,343,314,314,319,356,353,341,363,,,,,,,,,,
Busheling,5/7/18,344,322,359,341,318,317,351,348,,,,,,,,,,
Busheling,5/8/18,301,362,357,303,369,370,339,307,,,,,,,,,,
Busheling,5/9/18,340,316,336,323,343,348,331,362,,,,,,,,,,
Busheling,5/10/18,310,315,304,342,336,320,362,369,,,,,,,,,,
Busheling,5/11/18,343,359,321,360,329,319,358,,,,,,,,,,,
Busheling,5/14/18,312,342,362,368,369,350,318,,,,,,,,,,,
Busheling,5/15/18,351,342,350,313,309,368,328,,,,,,,,,,,
Busheling,5/16/18,315,341,359,315,305,307,342,,,,,,,,,,,
Busheling,5/17/18,341,370,342,338,306,363,343,,,,,,,,,,,
Busheling,5/18/18,365,317,325,350,322,302,314,,,,,,,,,,,
Busheling,5/21/18,350,319,302,325,361,329,340,,,,,,,,,,,
Busheling,5/22/18,370,334,357,367,302,345,300,,,,,,,,,,,
Busheling,5/23/18,337,334,308,348,329,307,323,,,,,,,,,,,
Busheling,5/24/18,324,324,312,334,335,316,317,,,,,,,,,,,
Busheling,5/25/18,353,336,357,340,332,344,339,,,,,,,,,,,
Busheling,5/29/18,302,341,320,317,368,348,307,,,,,,,,,,,
Busheling,5/30/18,317,332,355,317,303,320,300,,,,,,,,,,,
Busheling,5/31/18,338,310,345,349,315,360,313,,,,,,,,,,,
Busheling,6/1/18,301,311,300,370,320,345,307,,,,,,,,,,,
Busheling,6/4/18,329,365,362,362,313,303,309,,,,,,,,,,,
Busheling,6/5/18,313,312,326,339,349,305,343,,,,,,,,,,,
Busheling,6/6/18,303,307,300,353,370,363,303,,,,,,,,,,,
Busheling,6/7/18,359,342,300,326,304,348,332,,,,,,,,,,,
Busheling,6/8/18,306,362,335,305,303,310,330,,,,,,,,,,,
Busheling,6/11/18,362,303,369,369,358,326,367,,,,,,,,,,,
Busheling,6/12/18,319,349,302,331,317,365,364,,,,,,,,,,,
Busheling,6/13/18,305,341,319,341,370,318,348,,,,,,,,,,,
Busheling,6/14/18,363,319,342,342,305,356,302,,,,,,,,,,,
Busheling,6/15/18,316,351,320,329,338,326,353,,,,,,,,,,,
Busheling,6/18/18,347,300,361,347,310,320,308,,,,,,,,,,,
Busheling,6/19/18,324,327,323,300,355,343,300,321,332,,,,,,,,,
Busheling,6/20/18,328,326,366,334,318,332,361,336,316,,,,,,,,,
Busheling,6/21/18,364,315,359,353,330,320,345,311,355,,,,,,,,,
Busheling,6/22/18,307,303,354,316,365,364,339,304,349,,,,,,,,,
Busheling,6/25/18,334,301,364,335,318,354,300,308,344,,,,,,,,,
Busheling,6/26/18,341,310,352,314,356,309,369,361,317,,,,,,,,,
Busheling,6/27/18,369,350,347,324,314,324,352,321,357,,,,,,,,,
Busheling,6/28/18,307,362,335,358,332,344,338,363,351,,,,,,,,,
Busheling,6/29/18,333,347,350,368,352,320,367,307,368,,,,,,,,,
Busheling,7/2/18,334,305,344,302,357,358,338,316,353,,,,,,,,,
Busheling,7/3/18,331,332,360,342,359,367,355,353,367,,,,,,,,,
Busheling,7/5/18,306,329,317,364,364,314,369,358,359,,,,,,,,,
Busheling,7/6/18,330,347,358,370,370,303,368,333,368,,,,,,,,,
Busheling,7/9/18,344,359,356,311,344,339,335,364,320,,,,,,,,,
Busheling,7/10/18,304,301,303,326,339,311,340,364,336,,,,,,,,,
Busheling,7/11/18,302,309,334,332,362,327,328,356,339,,,,,,,,,
Busheling,7/12/18,363,343,302,347,353,369,348,308,342,,,,,,,,,
Busheling,7/13/18,369,366,313,300,308,349,310,316,370,,,,,,,,,
Busheling,7/16/18,361,311,343,342,359,343,309,361,343,,,,,,,,,
Busheling,7/17/18,334,351,346,304,368,329,302,329,369,,,,,,,,,
Busheling,7/18/18,320,334,360,339,313,320,369,341,348,,,,,,,,,